"campaign_id","campaign_name","objective","region","impressions","clicks","conversions","spend","attributed_revenue","ctr","cvr","roas"
CMP-448824,BackToSchool,Conversion,APAC,165393.0,3667,183.0,1480.44,57505.549999999996,0.0222,0.0499,38.8436
CMP-208933,Studio_Refresh,Awareness,LATAM,211861.0,6617,254.0,3606.05,75055.33,0.0312,0.0384,20.8137
CMP-276264,Studio_Refresh,Conversion,,123982.0,3035,154.0,1628.28,48718.97,0.0245,0.0507,29.9205
CMP-703618,Studio_Refresh,Awareness,EU,236399.0,5576,139.0,2944.20,45663.58,0.0236,0.0249,15.5097
CMP-165352,Aviation_Push,Consideration,APAC,191256.0,5068,174.0,2447.02,40679.409999999996,0.0265,0.0343,16.6241
CMP-588715,Holiday_Blast,Consideration,,143587.0,3984,117.0,1818.33,39763.67,0.0277,0.0294,21.8682
CMP-663852,Holiday_Blast,Conversion,EU,154014.0,3824,189.0,2079.23,57326.84999999999,0.0248,0.0494,27.5712
CMP-222994,PortablePA_Weekend,Conversion,APAC,161011.0,2793,126.0,1687.06,34750.979999999996,0.0173,0.0451,20.5985
CMP-232858,BackToSchool,Retention,LATAM,64305.0,1419,40.0,786.98,13358.49,0.0221,0.0282,16.9744
CMP-887046,Spring_Sound,Consideration,EU,137928.0,3746,124.0,2243.38,32007.019999999997,0.0272,0.0331,14.2673
CMP-512349,Aviation_Push,Retention,APAC,71034.0,1821,73.0,951.87,23994.52,0.0256,0.0401,25.2078
CMP-840551,Flash_Deal,Consideration,APAC,56745.0,1680,66.0,602.97,25889.94,0.0296,0.0393,42.9374
CMP-667297,Studio_Refresh,Conversion,EU,134487.0,3891,102.0,2464.10,51622.14,0.0289,0.0262,20.9497
CMP-287700,Campus_Promo,Retention,EU,110309.0,3514,102.0,1205.53,46984.87,0.0319,0.0290,38.9745
CMP-446198,Flash_Deal,Consideration,LATAM,150871.0,3355,94.0,1767.08,19586.62,0.0222,0.0280,11.0842
CMP-974579,Studio_Refresh,Awareness,,226742.0,6406,227.0,2702.01,71919.43000000001,0.0283,0.0354,26.6170
CMP-845902,BackToSchool,Conversion,APAC,138096.0,2398,134.0,1738.96,49492.049999999996,0.0174,0.0559,28.4607
CMP-501035,BackToSchool,Conversion,,222505.0,5549,272.0,3255.88,100451.26999999999,0.0249,0.0490,30.8523
CMP-164076,Spring_Sound,Consideration,APAC,198768.0,4773,153.0,2398.04,43998.41,0.0240,0.0321,18.3477
CMP-198406,Flash_Deal,Awareness,EU,162843.0,3737,133.0,2038.55,43804.23,0.0229,0.0356,21.4879
CMP-305349,Studio_Refresh,Awareness,APAC,71033.0,1563,47.0,840.58,14478.3,0.0220,0.0301,17.2242
CMP-170015,HomeTheater_Upgrade,Consideration,,174879.0,5033,98.0,2555.53,32604.21,0.0288,0.0195,12.7583
CMP-651553,PortablePA_Weekend,Conversion,EU,67126.0,2046,108.0,846.71,29194.74,0.0305,0.0528,34.4802
CMP-442978,Partner_Sale,Conversion,APAC,161478.0,3765,235.0,2697.92,77169.90999999999,0.0233,0.0624,28.6035
CMP-946446,Spring_Sound,Conversion,,156419.0,3757,251.0,2203.63,63041.23,0.0240,0.0668,28.6079
CMP-420602,Aviation_Push,Awareness,,205316.0,4589,160.0,3201.27,46249.00000000001,0.0224,0.0349,14.4471
CMP-887046,Spring_Sound,Consideration,LATAM,179633.0,3850,111.0,2327.47,31064.520000000004,0.0214,0.0288,13.3469
CMP-656464,Campus_Promo,Conversion,EU,193233.0,4226,266.0,1893.50,97630.18999999999,0.0219,0.0629,51.5607
CMP-911513,Studio_Refresh,Awareness,,33763.0,930,37.0,422.33,14803.980000000001,0.0275,0.0398,35.0531
CMP-181566,Campus_Promo,Consideration,,109962.0,3651,142.0,698.97,47780.73,0.0332,0.0389,68.3588
CMP-282212,Partner_Sale,Conversion,APAC,68092.0,1739,102.0,894.17,38116.0,0.0255,0.0587,42.6272
CMP-762951,Holiday_Blast,Consideration,,226582.0,4571,197.0,2917.04,62095.2,0.0202,0.0431,21.2871
CMP-613900,Campus_Promo,Consideration,LATAM,91489.0,1432,42.0,1332.87,12047.029999999999,0.0157,0.0293,9.0384
CMP-647689,Partner_Sale,Consideration,,196699.0,5330,134.0,2563.70,37040.22,0.0271,0.0251,14.4480
CMP-282212,Partner_Sale,Conversion,EU,69526.0,1043,49.0,889.24,8530.9,0.0150,0.0470,9.5935
CMP-828864,Partner_Sale,Conversion,LATAM,59132.0,1186,71.0,914.19,12995.17,0.0201,0.0599,14.2150
CMP-264052,Studio_Refresh,Retention,LATAM,119589.0,2847,81.0,1197.03,20048.190000000002,0.0238,0.0285,16.7483
CMP-903266,Campus_Promo,Consideration,,59719.0,1279,32.0,889.61,14709.380000000001,0.0214,0.0250,16.5346
CMP-656464,Campus_Promo,Conversion,APAC,118066.0,2285,50.0,1412.02,27096.8,0.0194,0.0219,19.1901
CMP-249824,Partner_Sale,Awareness,APAC,137907.0,4210,116.0,1414.47,32663.96,0.0305,0.0276,23.0927
CMP-483450,Partner_Sale,Awareness,APAC,174825.0,3868,123.0,1539.54,28249.690000000002,0.0221,0.0318,18.3494
CMP-598560,Aviation_Push,Conversion,APAC,144173.0,2655,152.0,2337.79,35798.79,0.0184,0.0573,15.3131
CMP-576557,Holiday_Blast,Conversion,EU,44573.0,1316,56.0,333.05,20622.329999999998,0.0295,0.0426,61.9196
CMP-960623,Aviation_Push,Awareness,APAC,171448.0,3736,121.0,2435.24,47283.939999999995,0.0218,0.0324,19.4165
CMP-485115,Studio_Refresh,Conversion,APAC,46221.0,1327,36.0,478.13,12236.84,0.0287,0.0271,25.5931
CMP-285501,Studio_Refresh,Awareness,,283812.0,8016,204.0,3127.81,70030.45,0.0282,0.0254,22.3896
CMP-903266,Campus_Promo,Consideration,EU,147829.0,2863,64.0,1232.47,22172.41,0.0194,0.0224,17.9902
CMP-597526,Studio_Refresh,Awareness,LATAM,78781.0,2562,59.0,1202.88,17279.379999999997,0.0325,0.0230,14.3650
CMP-312429,Campus_Promo,Consideration,LATAM,158408.0,3409,82.0,1903.93,20741.820000000003,0.0215,0.0241,10.8942
CMP-131904,Holiday_Blast,Conversion,EU,183159.0,4952,263.0,2090.27,75407.35999999999,0.0270,0.0531,36.0754
CMP-522857,Spring_Sound,Consideration,APAC,241461.0,6565,223.0,3247.24,62056.5,0.0272,0.0340,19.1105
CMP-253607,PortablePA_Weekend,Consideration,APAC,74613.0,2035,49.0,1012.36,19631.44,0.0273,0.0241,19.3918
CMP-232858,BackToSchool,Retention,,65163.0,2003,53.0,548.57,13937.61,0.0307,0.0265,25.4072
CMP-864750,Aviation_Push,Conversion,LATAM,98813.0,2048,84.0,1215.91,30922.849999999995,0.0207,0.0410,25.4319
CMP-886364,Aviation_Push,Retention,APAC,87540.0,2870,56.0,1141.08,49669.11,0.0328,0.0195,43.5282
CMP-260633,HomeTheater_Upgrade,Awareness,,238964.0,5058,137.0,2838.14,57971.36,0.0212,0.0271,20.4258
CMP-999563,Studio_Refresh,Conversion,LATAM,155269.0,4515,161.0,2077.94,51504.87999999999,0.0291,0.0357,24.7865
CMP-243628,Studio_Refresh,Conversion,,69587.0,1571,100.0,1032.47,39320.39,0.0226,0.0637,38.0838
CMP-207978,Flash_Deal,Consideration,EU,139249.0,2324,56.0,1655.68,18173.36,0.0167,0.0241,10.9764
CMP-596403,Holiday_Blast,Conversion,,94466.0,2054,103.0,1016.45,34651.81,0.0217,0.0501,34.0910
CMP-672089,Spring_Sound,Conversion,LATAM,83328.0,1942,103.0,1175.71,39438.83,0.0233,0.0530,33.5447
CMP-736249,BackToSchool,Conversion,,126644.0,2515,131.0,1388.64,44471.840000000004,0.0199,0.0521,32.0255
CMP-942377,Studio_Refresh,Awareness,EU,175510.0,4227,99.0,2497.43,37753.36,0.0241,0.0234,15.1169
CMP-564915,Partner_Sale,Consideration,APAC,211069.0,4245,95.0,2631.10,29514.1,0.0201,0.0224,11.2174
CMP-387918,Partner_Sale,Conversion,EU,248365.0,6133,338.0,3260.87,136059.3,0.0247,0.0551,41.7248
CMP-181239,Campus_Promo,Consideration,LATAM,137307.0,2809,110.0,2603.33,41403.47,0.0205,0.0392,15.9040
CMP-866150,BackToSchool,Conversion,,142214.0,2167,104.0,1139.56,37828.24,0.0152,0.0480,33.1955
CMP-556564,Studio_Refresh,Retention,EU,154438.0,3503,114.0,2155.91,35618.06,0.0227,0.0325,16.5211
CMP-113625,Aviation_Push,Conversion,LATAM,223053.0,4837,338.0,3038.12,69467.2,0.0217,0.0699,22.8652
CMP-946514,Campus_Promo,Consideration,LATAM,58458.0,994,14.0,877.42,2684.05,0.0170,0.0141,3.0590
CMP-238043,Studio_Refresh,Conversion,LATAM,139861.0,4013,236.0,1429.62,62545.399999999994,0.0287,0.0588,43.7497
CMP-723330,Aviation_Push,Awareness,EU,62312.0,1977,40.0,726.81,12733.45,0.0317,0.0202,17.5196
CMP-764555,PortablePA_Weekend,Conversion,APAC,157288.0,4490,209.0,1990.72,90703.89,0.0285,0.0465,45.5634
CMP-253607,PortablePA_Weekend,Consideration,LATAM,174915.0,4445,109.0,2372.84,20233.879999999997,0.0254,0.0245,8.5273
CMP-699975,HomeTheater_Upgrade,Consideration,APAC,186490.0,5127,142.0,2657.63,38055.17,0.0275,0.0277,14.3192
CMP-845902,BackToSchool,Conversion,LATAM,103671.0,1768,99.0,1593.71,26199.19,0.0171,0.0560,16.4391
CMP-742693,Aviation_Push,Conversion,LATAM,134507.0,3937,208.0,1374.29,77471.76999999999,0.0293,0.0528,56.3722
CMP-393586,Studio_Refresh,Consideration,EU,83164.0,1879,64.0,1048.24,27613.949999999997,0.0226,0.0341,26.3432
CMP-563100,PortablePA_Weekend,Awareness,LATAM,305445.0,7709,228.0,3851.04,80984.23999999999,0.0252,0.0296,21.0292
CMP-181239,Campus_Promo,Consideration,APAC,296637.0,7242,203.0,4475.35,72982.75,0.0244,0.0280,16.3077
CMP-783768,Flash_Deal,Conversion,EU,142659.0,3547,197.0,1914.45,28140.02,0.0249,0.0555,14.6987
CMP-688368,Studio_Refresh,Awareness,APAC,207136.0,5352,109.0,2569.17,38518.1,0.0258,0.0204,14.9924
CMP-501548,HomeTheater_Upgrade,Consideration,APAC,91963.0,1863,72.0,1199.71,21998.74,0.0203,0.0386,18.3367
CMP-845108,Holiday_Blast,Consideration,APAC,201752.0,2884,94.0,2473.14,33681.58,0.0143,0.0326,13.6190
CMP-588715,Holiday_Blast,Consideration,APAC,146266.0,3092,55.0,1490.12,20424.64,0.0211,0.0178,13.7067
CMP-871957,Partner_Sale,Conversion,APAC,129376.0,4045,284.0,1807.40,64863.909999999996,0.0313,0.0702,35.8880
CMP-843764,Aviation_Push,Conversion,APAC,159976.0,3489,206.0,1948.24,72992.71999999999,0.0218,0.0590,37.4660
CMP-461714,Spring_Sound,Awareness,LATAM,262256.0,7533,232.0,3422.53,65281.96000000001,0.0287,0.0308,19.0742
CMP-993990,HomeTheater_Upgrade,Awareness,,225094.0,6618,177.0,3412.88,55797.59,0.0294,0.0267,16.3491
CMP-712859,Studio_Refresh,Retention,LATAM,100763.0,1329,44.0,1203.23,15210.41,0.0132,0.0331,12.6413
CMP-591461,PortablePA_Weekend,Consideration,LATAM,149078.0,3914,95.0,1494.58,32121.829999999994,0.0263,0.0243,21.4922
CMP-126524,PortablePA_Weekend,Awareness,LATAM,240533.0,3833,108.0,3051.48,37399.100000000006,0.0159,0.0282,12.2561
CMP-472235,Campus_Promo,Conversion,,245474.0,5595,308.0,2969.11,124830.70000000001,0.0228,0.0550,42.0431
CMP-746944,Spring_Sound,Conversion,LATAM,176237.0,4143,252.0,2416.49,88081.96,0.0235,0.0608,36.4504
CMP-465093,Campus_Promo,Consideration,APAC,171229.0,4251,136.0,2228.53,28114.81,0.0248,0.0320,12.6159
CMP-114815,PortablePA_Weekend,Conversion,LATAM,218906.0,5473,266.0,2613.38,63655.23000000001,0.0250,0.0486,24.3574
CMP-391228,HomeTheater_Upgrade,Conversion,LATAM,196576.0,4405,156.0,2776.47,43423.28999999999,0.0224,0.0354,15.6397
CMP-485115,Studio_Refresh,Conversion,,113416.0,2927,96.0,1029.29,31853.390000000003,0.0258,0.0328,30.9470
CMP-873276,BackToSchool,Retention,EU,136405.0,2532,75.0,1928.34,18582.88,0.0186,0.0296,9.6367
CMP-715354,Studio_Refresh,Consideration,APAC,165495.0,4963,194.0,2148.95,66185.06,0.0300,0.0391,30.7988
CMP-512349,Aviation_Push,Retention,,102407.0,3487,92.0,1471.22,33702.07,0.0341,0.0264,22.9076
CMP-199315,Spring_Sound,Conversion,EU,144344.0,2711,119.0,2446.76,42668.93,0.0188,0.0439,17.4390
CMP-462798,BackToSchool,Awareness,LATAM,132738.0,3369,100.0,2176.81,35654.63,0.0254,0.0297,16.3793
CMP-786927,Partner_Sale,Retention,,307235.0,6426,220.0,3616.55,64164.700000000004,0.0209,0.0342,17.7420
CMP-390956,Campus_Promo,Awareness,,202987.0,4235,58.0,2393.89,26434.870000000003,0.0209,0.0137,11.0426
CMP-135156,Aviation_Push,Awareness,LATAM,224110.0,6022,176.0,2653.00,79336.95,0.0269,0.0292,29.9046
CMP-439044,Spring_Sound,Retention,,138778.0,3853,151.0,1860.77,54682.28,0.0278,0.0392,29.3869
CMP-393586,Studio_Refresh,Consideration,LATAM,104257.0,3129,61.0,1101.92,17107.510000000002,0.0300,0.0195,15.5252
CMP-439044,Spring_Sound,Retention,LATAM,57056.0,1050,28.0,822.83,10240.11,0.0184,0.0267,12.4450
CMP-904246,Partner_Sale,Consideration,EU,80714.0,2084,51.0,884.30,20540.45,0.0258,0.0245,23.2279
CMP-352468,HomeTheater_Upgrade,Conversion,,169474.0,3659,195.0,2106.06,84866.73,0.0216,0.0533,40.2964
CMP-903266,Campus_Promo,Consideration,LATAM,58642.0,1745,65.0,851.24,11814.760000000002,0.0298,0.0372,13.8795
CMP-667297,Studio_Refresh,Conversion,LATAM,105993.0,2546,128.0,1284.34,40017.32,0.0240,0.0503,31.1579
CMP-501548,HomeTheater_Upgrade,Consideration,LATAM,102688.0,2552,66.0,1429.72,16853.179999999997,0.0249,0.0259,11.7877
CMP-963319,Partner_Sale,Conversion,EU,130052.0,2860,156.0,1852.86,54992.63999999999,0.0220,0.0545,29.6799
CMP-303614,Studio_Refresh,Conversion,,70358.0,1296,70.0,874.06,20439.77,0.0184,0.0540,23.3849
CMP-647689,Partner_Sale,Consideration,EU,110627.0,5055,115.0,1572.76,42657.99,0.0457,0.0227,27.1230
CMP-564915,Partner_Sale,Consideration,,198489.0,5313,137.0,2288.40,45205.10999999999,0.0268,0.0258,19.7540
CMP-598560,Aviation_Push,Conversion,,140190.0,1787,73.0,2095.21,21188.629999999997,0.0127,0.0409,10.1129
CMP-100258,Spring_Sound,Awareness,APAC,152934.0,2790,103.0,1569.25,44847.31999999999,0.0182,0.0369,28.5788
CMP-158770,Campus_Promo,Conversion,LATAM,131607.0,3104,241.0,1338.11,52386.99000000001,0.0236,0.0776,39.1500
CMP-100258,Spring_Sound,Awareness,LATAM,230335.0,6664,210.0,3421.30,58266.57,0.0289,0.0315,17.0305
CMP-425468,Aviation_Push,Conversion,APAC,116708.0,3063,139.0,1556.76,32481.759999999995,0.0262,0.0454,20.8650
CMP-319473,Holiday_Blast,Awareness,APAC,242202.0,6475,155.0,4027.41,50292.659999999996,0.0267,0.0239,12.4876
CMP-546867,PortablePA_Weekend,Consideration,APAC,111952.0,2718,40.0,1706.49,20804.490000000005,0.0243,0.0147,12.1914
CMP-613900,Campus_Promo,Consideration,EU,114632.0,2599,63.0,1253.96,12399.22,0.0227,0.0242,9.8881
CMP-326955,Studio_Refresh,Consideration,EU,194580.0,4938,153.0,3029.71,45318.420000000006,0.0254,0.0310,14.9580
CMP-720935,Studio_Refresh,Awareness,LATAM,279049.0,6775,171.0,3494.99,55531.600000000006,0.0243,0.0252,15.8889
CMP-238043,Studio_Refresh,Conversion,APAC,181915.0,5438,110.0,1784.77,42638.649999999994,0.0299,0.0202,23.8903
CMP-250295,Partner_Sale,Awareness,LATAM,200389.0,5548,169.0,2270.54,52543.67,0.0277,0.0305,23.1415
CMP-417255,Partner_Sale,Retention,EU,104154.0,2650,32.0,907.40,13119.29,0.0254,0.0121,14.4581
CMP-778657,Studio_Refresh,Conversion,APAC,67903.0,1616,94.0,815.39,35668.100000000006,0.0238,0.0582,43.7436
CMP-601989,PortablePA_Weekend,Consideration,,264432.0,6722,266.0,2687.08,102249.76999999999,0.0254,0.0396,38.0524
CMP-840551,Flash_Deal,Consideration,LATAM,146801.0,3629,105.0,1836.06,37801.469999999994,0.0247,0.0289,20.5884
CMP-158770,Campus_Promo,Conversion,EU,112879.0,2815,167.0,1113.73,55039.159999999996,0.0249,0.0593,49.4188
CMP-601989,PortablePA_Weekend,Consideration,APAC,61063.0,1871,47.0,781.65,14330.37,0.0306,0.0251,18.3335
CMP-909478,Partner_Sale,Awareness,APAC,155255.0,6541,120.0,3177.18,26152.86,0.0421,0.0183,8.2315
CMP-873078,PortablePA_Weekend,Conversion,EU,110623.0,2555,113.0,1048.31,40117.38,0.0231,0.0442,38.2686
CMP-596446,BackToSchool,Consideration,LATAM,197529.0,5036,158.0,2578.02,39501.23,0.0255,0.0314,15.3223
CMP-563555,Partner_Sale,Awareness,,190829.0,3728,135.0,2250.86,45592.11,0.0195,0.0362,20.2554
CMP-429500,Aviation_Push,Awareness,EU,259642.0,5140,225.0,3605.83,52121.02,0.0198,0.0438,14.4547
CMP-243628,Studio_Refresh,Conversion,APAC,184929.0,5272,318.0,1846.94,97786.98000000001,0.0285,0.0603,52.9454
CMP-272824,Spring_Sound,Conversion,,159615.0,3318,189.0,2008.50,79129.6,0.0208,0.0570,39.3974
CMP-260633,HomeTheater_Upgrade,Awareness,APAC,193813.0,5714,143.0,2683.88,53533.13,0.0295,0.0250,19.9462
CMP-546070,Aviation_Push,Conversion,LATAM,186226.0,4637,268.0,2429.85,62143.49,0.0249,0.0578,25.5750
CMP-387492,Partner_Sale,Consideration,APAC,148827.0,3431,105.0,2549.15,27931.260000000002,0.0231,0.0306,10.9571
CMP-561047,BackToSchool,Retention,APAC,80775.0,2205,90.0,879.22,19972.400000000005,0.0273,0.0408,22.7160
CMP-839916,Aviation_Push,Retention,APAC,109224.0,2974,107.0,1290.68,46582.270000000004,0.0272,0.0360,36.0913
CMP-802586,HomeTheater_Upgrade,Retention,APAC,150570.0,3525,115.0,2292.43,41416.189999999995,0.0234,0.0326,18.0665
CMP-432369,PortablePA_Weekend,Conversion,APAC,153510.0,5475,243.0,2373.20,85577.9,0.0357,0.0444,36.0601
CMP-994854,Flash_Deal,Awareness,APAC,296443.0,7334,289.0,3422.16,66146.40000000001,0.0247,0.0394,19.3288
CMP-614117,PortablePA_Weekend,Consideration,EU,142978.0,3118,57.0,1587.15,23798.680000000004,0.0218,0.0183,14.9946
CMP-305349,Studio_Refresh,Awareness,LATAM,201576.0,6019,195.0,3240.58,50128.83,0.0299,0.0324,15.4691
CMP-387492,Partner_Sale,Consideration,,176994.0,3854,102.0,1976.00,28658.249999999993,0.0218,0.0265,14.5032
CMP-829283,Aviation_Push,Consideration,LATAM,230177.0,4555,155.0,2573.37,48714.119999999995,0.0198,0.0340,18.9301
CMP-238043,Studio_Refresh,Conversion,,123075.0,3684,226.0,1326.89,50283.03999999999,0.0299,0.0613,37.8954
CMP-539953,Spring_Sound,Consideration,LATAM,157394.0,3725,137.0,2057.70,34036.020000000004,0.0237,0.0368,16.5408
CMP-772765,Studio_Refresh,Conversion,APAC,182328.0,5045,263.0,1989.12,99959.62,0.0277,0.0521,50.2532
CMP-927289,Flash_Deal,Conversion,LATAM,94460.0,1886,104.0,1096.61,34831.71,0.0200,0.0551,31.7631
CMP-366086,Campus_Promo,Conversion,EU,79084.0,2249,131.0,1211.70,61512.42,0.0284,0.0582,50.7654
CMP-845108,Holiday_Blast,Consideration,,159347.0,3822,140.0,2070.80,16741.58,0.0240,0.0366,8.0846
CMP-778657,Studio_Refresh,Conversion,LATAM,136677.0,3654,231.0,1583.99,51741.88000000001,0.0267,0.0632,32.6655
CMP-226080,Aviation_Push,Conversion,LATAM,281909.0,7954,492.0,4185.95,123084.44,0.0282,0.0619,29.4042
CMP-544677,PortablePA_Weekend,Awareness,LATAM,131088.0,2407,80.0,2226.54,24306.5,0.0184,0.0332,10.9167
CMP-207292,Spring_Sound,Consideration,APAC,83928.0,2896,77.0,983.87,29539.199999999997,0.0345,0.0266,30.0235
CMP-461714,Spring_Sound,Awareness,APAC,254654.0,6399,184.0,4438.47,61779.14,0.0251,0.0288,13.9190
CMP-883945,Spring_Sound,Conversion,EU,97711.0,3249,145.0,1674.29,63191.249999999985,0.0333,0.0446,37.7421
CMP-755331,Flash_Deal,Conversion,APAC,141778.0,3867,207.0,1383.99,51949.77999999999,0.0273,0.0535,37.5362
CMP-786927,Partner_Sale,Retention,APAC,113816.0,2957,77.0,1582.12,30836.06,0.0260,0.0260,19.4903
CMP-282212,Partner_Sale,Conversion,,113951.0,1495,55.0,1481.72,14227.38,0.0131,0.0368,9.6019
CMP-111190,PortablePA_Weekend,Conversion,,259083.0,7640,318.0,3424.03,123731.17000000001,0.0295,0.0416,36.1361
CMP-779003,Studio_Refresh,Consideration,,273871.0,6814,152.0,3543.46,53339.78,0.0249,0.0223,15.0530
CMP-594601,Holiday_Blast,Consideration,LATAM,219191.0,6108,145.0,2527.96,64030.3,0.0279,0.0237,25.3288
CMP-743829,Spring_Sound,Awareness,,142744.0,4792,195.0,2113.75,62574.81,0.0336,0.0407,29.6037
CMP-285501,Studio_Refresh,Awareness,EU,319996.0,8329,330.0,3731.76,143611.55,0.0260,0.0396,38.4836
CMP-691040,Partner_Sale,Awareness,LATAM,167142.0,5020,129.0,2194.71,38583.18,0.0300,0.0257,17.5801
CMP-431853,Studio_Refresh,Consideration,APAC,237627.0,4460,117.0,3244.75,39293.649999999994,0.0188,0.0262,12.1099
CMP-222994,PortablePA_Weekend,Conversion,EU,136678.0,3839,230.0,1521.83,81992.47,0.0281,0.0599,53.8775
CMP-126524,PortablePA_Weekend,Awareness,EU,284721.0,7626,171.0,3289.63,53761.21000000001,0.0268,0.0224,16.3426
CMP-800969,Flash_Deal,Retention,LATAM,74483.0,1715,38.0,1015.74,13019.64,0.0230,0.0222,12.8179
CMP-397992,Holiday_Blast,Retention,LATAM,68896.0,2655,78.0,1074.13,27403.38,0.0385,0.0294,25.5122
CMP-714663,PortablePA_Weekend,Awareness,EU,121926.0,3223,121.0,1311.31,39965.25,0.0264,0.0375,30.4773
CMP-312429,Campus_Promo,Consideration,,154569.0,4114,70.0,1610.31,23138.33,0.0266,0.0170,14.3689
CMP-181998,Aviation_Push,Conversion,,163526.0,3873,235.0,2185.39,65445.71000000001,0.0237,0.0607,29.9469
CMP-300261,BackToSchool,Conversion,,241784.0,6413,353.0,3352.47,114087.72,0.0265,0.0550,34.0309
CMP-737058,HomeTheater_Upgrade,Conversion,APAC,74784.0,1666,85.0,718.42,33779.2,0.0223,0.0510,47.0187
CMP-647341,BackToSchool,Retention,APAC,71635.0,1937,37.0,914.71,15246.6,0.0270,0.0191,16.6682
CMP-465093,Campus_Promo,Consideration,EU,82732.0,2404,69.0,766.62,24080.08,0.0291,0.0287,31.4107
CMP-871957,Partner_Sale,Conversion,EU,212249.0,5191,349.0,3290.81,112128.18999999999,0.0245,0.0672,34.0731
CMP-102800,Studio_Refresh,Conversion,LATAM,106575.0,2487,147.0,965.66,63127.91,0.0233,0.0591,65.3728
CMP-686317,Partner_Sale,Conversion,EU,129761.0,3506,208.0,1821.74,79028.2,0.0270,0.0593,43.3806
CMP-154724,Partner_Sale,Awareness,LATAM,215120.0,4612,172.0,2840.77,39883.35,0.0214,0.0373,14.0396
CMP-492383,Studio_Refresh,Conversion,EU,131746.0,2459,119.0,2379.33,38254.28,0.0187,0.0484,16.0778
CMP-712859,Studio_Refresh,Retention,,41874.0,799,21.0,551.22,6697.29,0.0191,0.0263,12.1499
CMP-207292,Spring_Sound,Consideration,LATAM,75750.0,2070,37.0,1218.25,8190.879999999999,0.0273,0.0179,6.7235
CMP-715846,Spring_Sound,Awareness,EU,173790.0,3511,129.0,2484.31,50146.159999999996,0.0202,0.0367,20.1851
CMP-158770,Campus_Promo,Conversion,APAC,184924.0,5092,275.0,2845.07,80644.00000000001,0.0275,0.0540,28.3452
CMP-871957,Partner_Sale,Conversion,,108186.0,2262,98.0,1150.10,37515.16,0.0209,0.0433,32.6190
CMP-744794,BackToSchool,Awareness,EU,108179.0,2122,70.0,1122.66,17084.09,0.0196,0.0330,15.2175
CMP-207978,Flash_Deal,Consideration,APAC,169771.0,3137,103.0,2289.38,29131.019999999997,0.0185,0.0328,12.7244
CMP-483450,Partner_Sale,Awareness,EU,121243.0,3142,82.0,1857.13,21571.059999999998,0.0259,0.0261,11.6153
CMP-759367,Partner_Sale,Conversion,,79266.0,1827,64.0,981.62,20704.1,0.0230,0.0350,21.0918
CMP-130237,Spring_Sound,Retention,EU,120367.0,2938,99.0,1289.06,24518.06,0.0244,0.0337,19.0201
CMP-852908,Holiday_Blast,Conversion,EU,121780.0,2893,143.0,1664.14,40963.54,0.0238,0.0494,24.6154
CMP-501548,HomeTheater_Upgrade,Consideration,,140465.0,4300,159.0,2327.87,55013.450000000004,0.0306,0.0370,23.6325
CMP-386290,Spring_Sound,Awareness,,298944.0,8649,217.0,3243.46,77541.73000000001,0.0289,0.0251,23.9071
CMP-114815,PortablePA_Weekend,Conversion,,170972.0,4146,279.0,1909.82,91505.37,0.0242,0.0673,47.9131
CMP-425468,Aviation_Push,Conversion,,113086.0,3499,244.0,1335.12,69968.05,0.0309,0.0697,52.4058
CMP-186847,Campus_Promo,Consideration,LATAM,101537.0,2538,54.0,1239.13,20584.94,0.0250,0.0213,16.6124
CMP-904246,Partner_Sale,Consideration,LATAM,304740.0,8188,304.0,3069.20,99496.80000000002,0.0269,0.0371,32.4178
CMP-198679,Spring_Sound,Conversion,LATAM,176456.0,4202,234.0,1900.70,72914.78,0.0238,0.0557,38.3621
CMP-222994,PortablePA_Weekend,Conversion,LATAM,133280.0,3027,151.0,2171.92,61119.780000000006,0.0227,0.0499,28.1409
CMP-447115,Flash_Deal,Consideration,APAC,226753.0,5204,131.0,3399.58,43438.280000000006,0.0230,0.0252,12.7775
CMP-908184,Studio_Refresh,Consideration,LATAM,108929.0,1759,72.0,1506.01,21329.710000000003,0.0161,0.0409,14.1631
CMP-300261,BackToSchool,Conversion,EU,97891.0,2564,92.0,1450.57,36786.58,0.0262,0.0359,25.3601
CMP-429500,Aviation_Push,Awareness,,154426.0,3342,144.0,1367.75,34654.55,0.0216,0.0431,25.3369
CMP-202210,Flash_Deal,Consideration,LATAM,232872.0,5240,190.0,2966.97,39977.079999999994,0.0225,0.0363,13.4740
CMP-627217,Holiday_Blast,Retention,LATAM,126884.0,1772,35.0,1610.91,8732.53,0.0140,0.0198,5.4209
CMP-946652,Campus_Promo,Conversion,LATAM,230031.0,5316,252.0,2582.21,93034.77,0.0231,0.0474,36.0291
CMP-755331,Flash_Deal,Conversion,,101921.0,1810,119.0,1439.20,39152.11,0.0178,0.0657,27.2041
CMP-721427,Partner_Sale,Consideration,,197965.0,4790,173.0,2869.02,48730.44,0.0242,0.0361,16.9850
CMP-390956,Campus_Promo,Awareness,APAC,97551.0,2037,21.0,1040.72,9897.039999999999,0.0209,0.0103,9.5098
CMP-429500,Aviation_Push,Awareness,APAC,230139.0,6255,290.0,2130.75,32143.809999999998,0.0272,0.0464,15.0857
CMP-992278,Flash_Deal,Awareness,LATAM,269070.0,7778,233.0,4008.53,66792.26,0.0289,0.0300,16.6625
CMP-614117,PortablePA_Weekend,Consideration,,266464.0,6918,252.0,3254.05,81589.88,0.0260,0.0364,25.0733
CMP-352468,HomeTheater_Upgrade,Conversion,EU,122751.0,3443,161.0,1817.73,37673.86,0.0280,0.0468,20.7258
CMP-942377,Studio_Refresh,Awareness,APAC,188648.0,6052,225.0,2202.09,71693.58,0.0321,0.0372,32.5571
CMP-249824,Partner_Sale,Awareness,,200420.0,5289,142.0,2180.40,37380.75,0.0264,0.0268,17.1440
CMP-887046,Spring_Sound,Consideration,APAC,175428.0,4786,106.0,2497.14,40629.090000000004,0.0273,0.0221,16.2702
CMP-558482,Campus_Promo,Consideration,APAC,206625.0,5655,162.0,3293.55,37809.58,0.0274,0.0286,11.4799
CMP-670512,Holiday_Blast,Awareness,LATAM,202330.0,5305,204.0,2773.07,78413.31999999999,0.0262,0.0385,28.2767
CMP-596403,Holiday_Blast,Conversion,APAC,107770.0,3169,196.0,1640.22,62778.04999999999,0.0294,0.0618,38.2742
CMP-904246,Partner_Sale,Consideration,APAC,147370.0,3892,114.0,2277.99,27789.15,0.0264,0.0293,12.1990
CMP-734787,Holiday_Blast,Conversion,EU,146791.0,3330,188.0,2065.22,56222.75000000001,0.0227,0.0565,27.2236
CMP-362709,HomeTheater_Upgrade,Consideration,APAC,124929.0,2749,81.0,1675.87,20208.35,0.0220,0.0295,12.0584
CMP-426905,Flash_Deal,Conversion,,144250.0,3627,173.0,1754.18,43751.28,0.0251,0.0477,24.9412
CMP-448824,BackToSchool,Conversion,,113080.0,2856,134.0,1155.91,56493.26,0.0253,0.0469,48.8734
CMP-113625,Aviation_Push,Conversion,EU,195583.0,5141,231.0,2870.42,61938.630000000005,0.0263,0.0449,21.5782
CMP-487484,Spring_Sound,Conversion,,91011.0,2682,123.0,1058.06,25742.38,0.0295,0.0459,24.3298
CMP-544677,PortablePA_Weekend,Awareness,APAC,281495.0,6471,220.0,2530.93,75620.27999999998,0.0230,0.0340,29.8785
CMP-594601,Holiday_Blast,Consideration,APAC,110688.0,2811,66.0,1579.10,18780.2,0.0254,0.0235,11.8930
CMP-656464,Campus_Promo,Conversion,LATAM,112482.0,2928,150.0,1388.61,50359.8,0.0260,0.0512,36.2663
CMP-492383,Studio_Refresh,Conversion,APAC,51992.0,1696,89.0,820.40,27952.07,0.0326,0.0525,34.0713
CMP-714663,PortablePA_Weekend,Awareness,APAC,195682.0,4675,179.0,2744.15,62132.49,0.0239,0.0383,22.6418
CMP-828864,Partner_Sale,Conversion,EU,149872.0,3304,198.0,2003.97,57833.20000000001,0.0220,0.0599,28.8593
CMP-326955,Studio_Refresh,Consideration,LATAM,196470.0,4763,141.0,2787.89,44912.130000000005,0.0242,0.0296,16.1097
CMP-544677,PortablePA_Weekend,Awareness,EU,212174.0,5435,127.0,3091.07,39353.619999999995,0.0256,0.0234,12.7314
CMP-999563,Studio_Refresh,Conversion,EU,98519.0,2870,155.0,1111.94,60049.43000000001,0.0291,0.0540,54.0042
CMP-983101,BackToSchool,Consideration,,168213.0,3057,113.0,2247.67,32299.750000000004,0.0182,0.0370,14.3703
CMP-989433,BackToSchool,Conversion,,155316.0,4041,267.0,1940.59,102366.49,0.0260,0.0661,52.7502
CMP-986888,Spring_Sound,Consideration,LATAM,137493.0,4659,125.0,1736.26,27389.64,0.0339,0.0268,15.7751
CMP-911513,Studio_Refresh,Awareness,EU,186249.0,4454,165.0,2306.15,60474.049999999996,0.0239,0.0370,26.2229
CMP-426905,Flash_Deal,Conversion,APAC,172826.0,4014,218.0,1677.68,77425.90000000001,0.0232,0.0543,46.1506
CMP-501548,HomeTheater_Upgrade,Consideration,EU,200570.0,4145,193.0,2431.50,49204.78,0.0207,0.0466,20.2364
CMP-117484,Studio_Refresh,Awareness,,247357.0,5694,198.0,2947.59,68478.79,0.0230,0.0348,23.2321
CMP-686317,Partner_Sale,Conversion,APAC,151987.0,4654,203.0,1458.40,59292.70999999999,0.0306,0.0436,40.6560
CMP-472235,Campus_Promo,Conversion,APAC,142054.0,4141,163.0,1289.74,49745.81,0.0292,0.0394,38.5704
CMP-170015,HomeTheater_Upgrade,Consideration,APAC,100406.0,2526,69.0,1351.87,18664.57,0.0252,0.0273,13.8065
CMP-839916,Aviation_Push,Retention,EU,162631.0,3692,103.0,1792.28,31596.550000000003,0.0227,0.0279,17.6292
CMP-130237,Spring_Sound,Retention,APAC,94458.0,2256,51.0,1327.50,17593.350000000002,0.0239,0.0226,13.2530
CMP-946514,Campus_Promo,Consideration,,96781.0,2930,98.0,1124.44,44363.719999999994,0.0303,0.0334,39.4541
CMP-743829,Spring_Sound,Awareness,EU,123088.0,2078,47.0,1821.41,18681.0,0.0169,0.0226,10.2563
CMP-755643,Partner_Sale,Awareness,,188649.0,3827,139.0,2419.29,45333.549999999996,0.0203,0.0363,18.7384
CMP-478526,Studio_Refresh,Awareness,LATAM,237887.0,5736,169.0,3494.51,38355.75000000001,0.0241,0.0295,10.9760
CMP-986888,Spring_Sound,Consideration,,78125.0,2792,124.0,1087.87,45478.72,0.0357,0.0444,41.8053
CMP-301998,Aviation_Push,Conversion,LATAM,160326.0,3947,196.0,1722.96,56904.93000000001,0.0246,0.0497,33.0274
CMP-927289,Flash_Deal,Conversion,,94768.0,1890,66.0,963.17,16880.9,0.0199,0.0349,17.5264
CMP-478526,Studio_Refresh,Awareness,APAC,184955.0,5707,190.0,2162.58,84292.09999999999,0.0309,0.0333,38.9776
CMP-593679,BackToSchool,Conversion,APAC,125124.0,3484,183.0,1502.01,60990.55,0.0278,0.0525,40.6060
CMP-326955,Studio_Refresh,Consideration,APAC,238768.0,5693,151.0,3097.00,47471.15,0.0238,0.0265,15.3281
CMP-838474,HomeTheater_Upgrade,Retention,EU,171497.0,5076,104.0,2207.13,32266.190000000002,0.0296,0.0205,14.6191
CMP-467476,Campus_Promo,Conversion,,149681.0,3960,221.0,2001.30,62693.25000000001,0.0265,0.0558,31.3263
CMP-636561,Campus_Promo,Conversion,,177783.0,4832,274.0,1876.15,72603.52,0.0272,0.0567,38.6981
CMP-734787,Holiday_Blast,Conversion,,114154.0,3189,138.0,1030.49,53277.49999999999,0.0279,0.0433,51.7011
CMP-319473,Holiday_Blast,Awareness,,202891.0,3950,75.0,2375.38,22778.680000000004,0.0195,0.0190,9.5895
CMP-274185,Partner_Sale,Conversion,LATAM,248956.0,5297,276.0,3288.18,81347.81999999999,0.0213,0.0521,24.7395
CMP-687354,Flash_Deal,Awareness,LATAM,256253.0,7043,206.0,3306.23,67760.19,0.0275,0.0292,20.4947
CMP-448824,BackToSchool,Conversion,EU,122525.0,3627,97.0,1501.81,34937.67,0.0296,0.0267,23.2637
CMP-181998,Aviation_Push,Conversion,EU,161953.0,3215,187.0,2233.66,60897.28,0.0199,0.0582,27.2635
CMP-146050,BackToSchool,Consideration,,127693.0,2948,92.0,1535.60,42244.72,0.0231,0.0312,27.5102
CMP-715846,Spring_Sound,Awareness,LATAM,270048.0,8224,208.0,3260.50,60650.350000000006,0.0305,0.0253,18.6015
CMP-737058,HomeTheater_Upgrade,Conversion,LATAM,192366.0,3928,242.0,2757.72,72300.12,0.0204,0.0616,26.2174
CMP-504257,Spring_Sound,Retention,,36493.0,854,11.0,397.25,5293.280000000001,0.0234,0.0129,13.3248
CMP-797137,Spring_Sound,Retention,,184362.0,5966,160.0,2886.49,40282.2,0.0324,0.0268,13.9554
CMP-264052,Studio_Refresh,Retention,,76574.0,1966,60.0,1075.56,20884.829999999998,0.0257,0.0305,19.4176
CMP-714663,PortablePA_Weekend,Awareness,LATAM,281843.0,5513,158.0,3523.87,65620.15000000001,0.0196,0.0287,18.6216
CMP-208933,Studio_Refresh,Awareness,,227975.0,5965,187.0,2060.44,61281.8,0.0262,0.0313,29.7421
CMP-286987,Aviation_Push,Awareness,APAC,273973.0,4346,144.0,3527.06,46367.56,0.0159,0.0331,13.1462
CMP-305349,Studio_Refresh,Awareness,,200937.0,4322,142.0,2647.79,47917.4,0.0215,0.0329,18.0971
CMP-857213,HomeTheater_Upgrade,Awareness,LATAM,144663.0,3413,114.0,2598.82,27633.619999999995,0.0236,0.0334,10.6331
CMP-996922,Aviation_Push,Conversion,APAC,101280.0,2793,147.0,1084.00,37693.86,0.0276,0.0526,34.7729
CMP-687712,Aviation_Push,Conversion,LATAM,67533.0,1658,73.0,785.67,33782.74,0.0246,0.0440,42.9986
CMP-721427,Partner_Sale,Consideration,APAC,223733.0,5564,188.0,2771.60,58583.34,0.0249,0.0338,21.1370
CMP-596446,BackToSchool,Consideration,EU,143987.0,4127,97.0,1932.51,34451.920000000006,0.0287,0.0235,17.8276
CMP-772765,Studio_Refresh,Conversion,EU,35986.0,772,50.0,464.56,14191.730000000001,0.0215,0.0648,30.5488
CMP-447115,Flash_Deal,Consideration,EU,148012.0,4196,121.0,1301.46,30372.69,0.0283,0.0288,23.3374
CMP-804633,Flash_Deal,Conversion,,70208.0,3029,139.0,1269.04,41112.39,0.0431,0.0459,32.3964
CMP-478526,Studio_Refresh,Awareness,EU,148542.0,3962,146.0,1706.92,45120.23,0.0267,0.0369,26.4337
CMP-375710,Flash_Deal,Awareness,,168460.0,2210,66.0,1570.11,19233.880000000005,0.0131,0.0299,12.2500
CMP-734152,HomeTheater_Upgrade,Conversion,APAC,236769.0,6334,368.0,2636.46,134682.3,0.0268,0.0581,51.0845
CMP-783768,Flash_Deal,Conversion,LATAM,123826.0,2611,125.0,1501.27,37295.60999999999,0.0211,0.0479,24.8427
CMP-365329,Spring_Sound,Consideration,APAC,145868.0,2400,83.0,1937.29,34392.15,0.0165,0.0346,17.7527
CMP-857213,HomeTheater_Upgrade,Awareness,,71606.0,2349,98.0,1121.86,34618.81,0.0328,0.0417,30.8584
CMP-699975,HomeTheater_Upgrade,Consideration,LATAM,126587.0,3684,115.0,1649.15,41348.43,0.0291,0.0312,25.0726
CMP-495637,Campus_Promo,Awareness,LATAM,152914.0,3251,66.0,2090.72,9853.719999999998,0.0213,0.0203,4.7131
CMP-960623,Aviation_Push,Awareness,,125507.0,2992,73.0,1536.21,34795.06,0.0238,0.0244,22.6499
CMP-483450,Partner_Sale,Awareness,LATAM,236865.0,5320,169.0,3834.72,51518.63,0.0225,0.0318,13.4348
CMP-442978,Partner_Sale,Conversion,,139913.0,3699,208.0,1925.91,40383.17,0.0264,0.0562,20.9684
CMP-911513,Studio_Refresh,Awareness,APAC,78738.0,1716,50.0,960.90,7877.599999999999,0.0218,0.0291,8.1981
CMP-864750,Aviation_Push,Conversion,,91926.0,2021,111.0,816.20,37952.42,0.0220,0.0549,46.4989
CMP-154724,Partner_Sale,Awareness,EU,220306.0,5670,147.0,2627.57,46396.19,0.0257,0.0259,17.6575
CMP-768444,Flash_Deal,Consideration,APAC,139394.0,3012,130.0,2024.40,52350.909999999996,0.0216,0.0432,25.8600
CMP-447115,Flash_Deal,Consideration,LATAM,147392.0,3295,114.0,2231.86,22279.539999999997,0.0224,0.0346,9.9825
CMP-591461,PortablePA_Weekend,Consideration,APAC,163425.0,4056,106.0,2767.32,38391.810000000005,0.0248,0.0261,13.8733
CMP-504257,Spring_Sound,Retention,APAC,114181.0,3175,129.0,1460.25,39377.3,0.0278,0.0406,26.9661
CMP-896925,PortablePA_Weekend,Awareness,,137933.0,2328,78.0,1490.01,28027.84,0.0169,0.0335,18.8105
CMP-442978,Partner_Sale,Conversion,EU,173071.0,5033,285.0,3233.36,82041.33,0.0291,0.0566,25.3734
CMP-759367,Partner_Sale,Conversion,APAC,131566.0,2230,84.0,1862.94,30049.449999999997,0.0169,0.0377,16.1301
CMP-390956,Campus_Promo,Awareness,LATAM,190588.0,4104,152.0,2337.79,52036.17,0.0215,0.0370,22.2587
CMP-791397,Studio_Refresh,Consideration,EU,111322.0,2384,47.0,1188.53,18719.22,0.0214,0.0197,15.7499
CMP-546070,Aviation_Push,Conversion,EU,168632.0,4038,204.0,2038.60,64908.81,0.0239,0.0505,31.8399
CMP-512349,Aviation_Push,Retention,LATAM,53169.0,1162,33.0,565.81,12844.57,0.0219,0.0284,22.7012
CMP-225228,Studio_Refresh,Consideration,LATAM,176086.0,4137,101.0,1841.91,29260.290000000005,0.0235,0.0244,15.8858
CMP-199315,Spring_Sound,Conversion,,219638.0,5117,263.0,1976.13,94431.43000000001,0.0233,0.0514,47.7860
CMP-140048,Studio_Refresh,Conversion,,143405.0,3660,197.0,1133.27,55195.399999999994,0.0255,0.0538,48.7045
CMP-326955,Studio_Refresh,Consideration,,227850.0,5848,189.0,2571.18,59293.83,0.0257,0.0323,23.0609
CMP-921417,PortablePA_Weekend,Awareness,EU,120152.0,2735,86.0,1281.14,25944.46,0.0228,0.0314,20.2511
CMP-927289,Flash_Deal,Conversion,EU,161642.0,4182,239.0,1828.88,74432.06999999999,0.0259,0.0571,40.6982
CMP-715354,Studio_Refresh,Consideration,LATAM,117263.0,3308,133.0,1437.72,33497.909999999996,0.0282,0.0402,23.2993
CMP-721427,Partner_Sale,Consideration,EU,166584.0,3586,97.0,2607.02,26993.940000000002,0.0215,0.0270,10.3543
CMP-911513,Studio_Refresh,Awareness,LATAM,92256.0,2769,80.0,1224.30,31943.670000000002,0.0300,0.0289,26.0914
CMP-613900,Campus_Promo,Consideration,APAC,196640.0,3368,106.0,2594.42,19872.07,0.0171,0.0315,7.6595
CMP-845902,BackToSchool,Conversion,,146930.0,4118,232.0,1493.86,50026.28,0.0280,0.0563,33.4879
CMP-647689,Partner_Sale,Consideration,LATAM,185346.0,4862,96.0,1971.45,34598.700000000004,0.0262,0.0197,17.5499
CMP-843764,Aviation_Push,Conversion,LATAM,118902.0,3267,136.0,1666.61,44650.22999999999,0.0275,0.0416,26.7910
CMP-388307,Campus_Promo,Awareness,,125091.0,3170,109.0,2350.58,34324.840000000004,0.0253,0.0344,14.6027
CMP-495637,Campus_Promo,Awareness,EU,142159.0,4329,63.0,1623.54,37061.29,0.0305,0.0146,22.8275
CMP-802586,HomeTheater_Upgrade,Retention,,101844.0,2905,86.0,1260.89,23394.010000000002,0.0285,0.0296,18.5536
CMP-484047,Spring_Sound,Awareness,EU,142052.0,4214,95.0,1242.67,30858.17,0.0297,0.0225,24.8322
CMP-517641,Flash_Deal,Retention,LATAM,124786.0,3216,69.0,1337.18,21538.4,0.0258,0.0215,16.1073
CMP-883945,Spring_Sound,Conversion,,152760.0,3372,111.0,1779.04,42716.3,0.0221,0.0329,24.0109
CMP-388307,Campus_Promo,Awareness,EU,183865.0,3973,114.0,2519.13,41766.450000000004,0.0216,0.0287,16.5797
CMP-687354,Flash_Deal,Awareness,EU,101753.0,2673,111.0,1513.11,32159.779999999995,0.0263,0.0415,21.2541
CMP-390956,Campus_Promo,Awareness,EU,183082.0,4627,128.0,2366.19,50102.86000000001,0.0253,0.0277,21.1745
CMP-818660,PortablePA_Weekend,Consideration,,195010.0,5623,169.0,2516.50,45797.99,0.0288,0.0301,18.1991
CMP-225228,Studio_Refresh,Consideration,APAC,175023.0,4058,124.0,2336.98,37400.4,0.0232,0.0306,16.0037
CMP-131904,Holiday_Blast,Conversion,LATAM,138329.0,3398,168.0,1997.71,63866.03,0.0246,0.0494,31.9696
CMP-300261,BackToSchool,Conversion,LATAM,109092.0,2396,128.0,1117.05,50430.42,0.0220,0.0534,45.1461
CMP-277433,BackToSchool,Conversion,EU,129504.0,2955,154.0,1768.25,43463.84,0.0228,0.0521,24.5801
CMP-487484,Spring_Sound,Conversion,LATAM,118245.0,4055,209.0,1326.42,51836.93,0.0343,0.0515,39.0803
CMP-432369,PortablePA_Weekend,Conversion,LATAM,166830.0,4927,300.0,2675.96,121291.18,0.0295,0.0609,45.3262
CMP-797137,Spring_Sound,Retention,APAC,169765.0,5552,194.0,2200.35,53612.45,0.0327,0.0349,24.3654
CMP-387492,Partner_Sale,Consideration,LATAM,177800.0,4542,149.0,2334.23,44825.720000000016,0.0255,0.0328,19.2036
CMP-276264,Studio_Refresh,Conversion,LATAM,300998.0,8485,475.0,2416.07,167231.81,0.0282,0.0560,69.2165
CMP-495637,Campus_Promo,Awareness,,97583.0,3487,129.0,1248.48,37755.26,0.0357,0.0370,30.2410
CMP-921417,PortablePA_Weekend,Awareness,,176961.0,5372,203.0,1984.73,65263.520000000004,0.0304,0.0378,32.8828
CMP-703618,Studio_Refresh,Awareness,LATAM,103471.0,3145,149.0,1440.15,48560.05,0.0304,0.0474,33.7187
CMP-274185,Partner_Sale,Conversion,EU,119740.0,2792,140.0,1491.00,44822.38999999999,0.0233,0.0501,30.0620
CMP-202210,Flash_Deal,Consideration,EU,150289.0,3834,131.0,2197.05,32812.03,0.0255,0.0342,14.9346
CMP-663852,Holiday_Blast,Conversion,,188099.0,3791,228.0,2507.86,67733.64000000001,0.0202,0.0601,27.0085
CMP-375710,Flash_Deal,Awareness,APAC,155086.0,3950,124.0,2419.57,42684.590000000004,0.0255,0.0314,17.6414
CMP-446198,Flash_Deal,Consideration,EU,150743.0,2891,88.0,1860.42,31327.79,0.0192,0.0304,16.8391
CMP-776153,Aviation_Push,Awareness,,107673.0,2852,65.0,1420.50,21557.45,0.0265,0.0228,15.1760
CMP-745804,HomeTheater_Upgrade,Retention,,89069.0,2427,99.0,1457.31,39829.130000000005,0.0272,0.0408,27.3306
CMP-429500,Aviation_Push,Awareness,LATAM,283407.0,7087,191.0,3135.04,49803.6,0.0250,0.0270,15.8861
CMP-375710,Flash_Deal,Awareness,EU,134128.0,3546,80.0,1888.34,28565.93,0.0264,0.0226,15.1275
CMP-927289,Flash_Deal,Conversion,APAC,70212.0,1491,81.0,974.19,24039.12,0.0212,0.0543,24.6760
CMP-840551,Flash_Deal,Consideration,EU,100488.0,2661,80.0,1373.52,28246.64,0.0265,0.0301,20.5651
CMP-556564,Studio_Refresh,Retention,LATAM,78588.0,2130,55.0,1031.17,11985.69,0.0271,0.0258,11.6234
CMP-102800,Studio_Refresh,Conversion,APAC,222127.0,5619,260.0,3570.16,85909.26000000001,0.0253,0.0463,24.0631
CMP-687354,Flash_Deal,Awareness,,146991.0,2787,84.0,2350.76,30421.539999999997,0.0190,0.0301,12.9412
CMP-539953,Spring_Sound,Consideration,APAC,196866.0,5175,104.0,2023.17,49194.33,0.0263,0.0201,24.3155
CMP-935593,BackToSchool,Conversion,LATAM,94539.0,2282,106.0,930.63,40101.2,0.0241,0.0465,43.0904
CMP-852908,Holiday_Blast,Conversion,,66375.0,1652,82.0,449.17,31193.72,0.0249,0.0496,69.4475
CMP-286659,PortablePA_Weekend,Consideration,,127760.0,3226,107.0,1541.48,26415.86,0.0253,0.0332,17.1367
CMP-391228,HomeTheater_Upgrade,Conversion,APAC,107859.0,2768,106.0,1227.99,31552.070000000003,0.0257,0.0383,25.6941
CMP-712859,Studio_Refresh,Retention,APAC,106640.0,1866,41.0,1471.50,5655.610000000001,0.0175,0.0220,3.8434
CMP-983101,BackToSchool,Consideration,EU,180574.0,3550,100.0,2485.44,32042.769999999997,0.0197,0.0282,12.8922
CMP-670512,Holiday_Blast,Awareness,APAC,137309.0,3505,99.0,1254.66,27003.19,0.0255,0.0282,21.5223
CMP-208933,Studio_Refresh,Awareness,APAC,158562.0,2675,89.0,1757.25,29731.149999999998,0.0169,0.0333,16.9191
CMP-974579,Studio_Refresh,Awareness,APAC,200131.0,4684,115.0,2160.64,34746.12,0.0234,0.0246,16.0814
CMP-564915,Partner_Sale,Consideration,EU,199477.0,5203,163.0,2661.59,38253.049999999996,0.0261,0.0313,14.3723
CMP-627217,Holiday_Blast,Retention,,167998.0,3627,83.0,2160.74,21125.469999999998,0.0216,0.0229,9.7770
CMP-847960,HomeTheater_Upgrade,Consideration,EU,197763.0,6192,143.0,2039.85,42820.189999999995,0.0313,0.0231,20.9918
CMP-755331,Flash_Deal,Conversion,EU,84137.0,2127,129.0,1271.49,21228.35,0.0253,0.0606,16.6956
CMP-778657,Studio_Refresh,Conversion,,221927.0,5862,241.0,3579.16,106951.72,0.0264,0.0411,29.8818
CMP-135156,Aviation_Push,Awareness,APAC,307845.0,7620,277.0,2275.79,86450.02999999998,0.0248,0.0364,37.9868
CMP-762951,Holiday_Blast,Consideration,LATAM,138625.0,2610,80.0,2251.96,14172.960000000001,0.0188,0.0307,6.2936
CMP-999563,Studio_Refresh,Conversion,APAC,84898.0,2206,108.0,1047.40,29259.13,0.0260,0.0490,27.9350
CMP-887046,Spring_Sound,Consideration,,189412.0,4394,109.0,2747.62,32528.37,0.0232,0.0248,11.8387
CMP-243628,Studio_Refresh,Conversion,LATAM,218664.0,5175,224.0,2327.69,54063.490000000005,0.0237,0.0433,23.2262
CMP-486785,Spring_Sound,Conversion,APAC,154143.0,2343,96.0,1731.95,27583.19,0.0152,0.0410,15.9261
CMP-485115,Studio_Refresh,Conversion,EU,162975.0,3994,235.0,2319.20,69860.94,0.0245,0.0588,30.1229
CMP-591461,PortablePA_Weekend,Consideration,EU,124768.0,2870,95.0,1538.31,32046.75,0.0230,0.0331,20.8324
CMP-170015,HomeTheater_Upgrade,Consideration,LATAM,93357.0,2133,86.0,1186.59,26628.89,0.0228,0.0403,22.4415
CMP-276264,Studio_Refresh,Conversion,EU,151561.0,1786,97.0,2291.47,38997.92999999999,0.0118,0.0543,17.0187
CMP-164076,Spring_Sound,Consideration,LATAM,148686.0,2922,51.0,2036.18,20169.04,0.0197,0.0175,9.9053
CMP-703618,Studio_Refresh,Awareness,APAC,274684.0,7843,229.0,3441.30,64878.25,0.0286,0.0292,18.8528
CMP-989433,BackToSchool,Conversion,EU,147016.0,3692,170.0,1799.11,55222.49,0.0251,0.0460,30.6943
CMP-387918,Partner_Sale,Conversion,,152186.0,2592,112.0,2001.28,39307.25,0.0170,0.0432,19.6411
CMP-386290,Spring_Sound,Awareness,LATAM,155503.0,3858,57.0,2113.04,18659.09,0.0248,0.0148,8.8304
CMP-996922,Aviation_Push,Conversion,LATAM,106874.0,3022,158.0,1361.09,43262.49,0.0283,0.0523,31.7852
CMP-286987,Aviation_Push,Awareness,LATAM,231286.0,6891,146.0,2833.76,51671.90000000001,0.0298,0.0212,18.2344
CMP-818660,PortablePA_Weekend,Consideration,APAC,166269.0,4479,126.0,2066.29,49681.86,0.0269,0.0281,24.0440
CMP-111190,PortablePA_Weekend,Conversion,EU,164964.0,2913,151.0,1735.91,47490.34,0.0177,0.0518,27.3576
CMP-225228,Studio_Refresh,Consideration,EU,192968.0,4493,137.0,3120.77,28206.7,0.0233,0.0305,9.0384
CMP-908184,Studio_Refresh,Consideration,EU,183283.0,3814,64.0,2607.70,19723.06,0.0208,0.0168,7.5634
CMP-946514,Campus_Promo,Consideration,APAC,79427.0,2050,38.0,930.04,15352.48,0.0258,0.0185,16.5073
CMP-896925,PortablePA_Weekend,Awareness,APAC,212327.0,6363,215.0,2688.90,70202.89000000001,0.0300,0.0338,26.1084
CMP-486785,Spring_Sound,Conversion,,158776.0,4583,213.0,2009.01,71313.8,0.0289,0.0465,35.4970
CMP-686986,PortablePA_Weekend,Consideration,,153576.0,3330,52.0,2210.46,15001.000000000002,0.0217,0.0156,6.7864
CMP-828864,Partner_Sale,Conversion,,106196.0,2134,140.0,1482.30,33450.33,0.0201,0.0656,22.5665
CMP-772844,PortablePA_Weekend,Retention,EU,207386.0,4495,132.0,2609.86,41808.65,0.0217,0.0294,16.0195
CMP-367124,Campus_Promo,Conversion,EU,127781.0,2566,119.0,1582.16,45296.38,0.0201,0.0464,28.6295
CMP-946446,Spring_Sound,Conversion,APAC,189087.0,3559,164.0,2004.08,45773.299999999996,0.0188,0.0461,22.8401
CMP-977944,Studio_Refresh,Consideration,,73039.0,2065,64.0,836.63,17558.54,0.0283,0.0310,20.9872
CMP-687712,Aviation_Push,Conversion,,132932.0,3555,189.0,1574.07,75143.34999999999,0.0267,0.0532,47.7383
CMP-126524,PortablePA_Weekend,Awareness,APAC,186273.0,3780,117.0,2250.89,28478.18,0.0203,0.0310,12.6520
CMP-388307,Campus_Promo,Awareness,LATAM,167247.0,4143,105.0,2278.73,36425.880000000005,0.0248,0.0253,15.9852
CMP-484047,Spring_Sound,Awareness,,209184.0,5012,107.0,2622.30,40168.04,0.0240,0.0213,15.3179
CMP-417255,Partner_Sale,Retention,APAC,191636.0,4699,114.0,2465.26,44274.43000000001,0.0245,0.0243,17.9593
CMP-734152,HomeTheater_Upgrade,Conversion,,161965.0,4583,212.0,1946.54,52050.22,0.0283,0.0463,26.7399
CMP-942377,Studio_Refresh,Awareness,,220688.0,6468,242.0,2124.82,67874.09000000001,0.0293,0.0374,31.9435
CMP-272824,Spring_Sound,Conversion,EU,63832.0,1326,55.0,894.44,23973.55,0.0208,0.0415,26.8029
CMP-994854,Flash_Deal,Awareness,,234687.0,5403,124.0,2947.80,41099.479999999996,0.0230,0.0230,13.9424
CMP-165352,Aviation_Push,Consideration,EU,101142.0,2179,55.0,525.82,14228.869999999999,0.0215,0.0252,27.0603
CMP-114815,PortablePA_Weekend,Conversion,EU,203915.0,5414,205.0,2637.18,51976.41,0.0266,0.0379,19.7091
CMP-873078,PortablePA_Weekend,Conversion,APAC,110924.0,2632,127.0,1488.58,29238.85,0.0237,0.0483,19.6421
CMP-181566,Campus_Promo,Consideration,LATAM,76231.0,1440,45.0,765.64,19402.04,0.0189,0.0313,25.3409
CMP-839916,Aviation_Push,Retention,LATAM,75958.0,2144,65.0,1092.06,20983.899999999998,0.0282,0.0303,19.2150
CMP-772844,PortablePA_Weekend,Retention,APAC,172758.0,4885,172.0,2049.93,56392.1,0.0283,0.0352,27.5093
CMP-979387,Studio_Refresh,Awareness,APAC,198794.0,5458,160.0,2598.14,64338.3,0.0275,0.0293,24.7632
CMP-746944,Spring_Sound,Conversion,EU,148805.0,4073,183.0,1904.98,76666.59,0.0274,0.0449,40.2454
CMP-439044,Spring_Sound,Retention,APAC,115617.0,2448,58.0,1783.72,15312.47,0.0212,0.0237,8.5846
CMP-864750,Aviation_Push,Conversion,EU,41176.0,998,56.0,482.14,9213.22,0.0242,0.0561,19.1090
CMP-250295,Partner_Sale,Awareness,,246345.0,6512,196.0,2696.10,70788.17,0.0264,0.0301,26.2558
CMP-287700,Campus_Promo,Retention,APAC,85004.0,2451,94.0,933.23,31671.010000000002,0.0288,0.0384,33.9370
CMP-181239,Campus_Promo,Consideration,,174504.0,4906,114.0,2074.59,37309.060000000005,0.0281,0.0232,17.9838
CMP-312429,Campus_Promo,Consideration,APAC,225326.0,6045,192.0,3327.20,78578.34,0.0268,0.0318,23.6170
CMP-647341,BackToSchool,Retention,EU,102057.0,4154,121.0,1754.33,46857.64,0.0407,0.0291,26.7097
CMP-386290,Spring_Sound,Awareness,EU,276815.0,7096,184.0,3112.96,62184.91999999999,0.0256,0.0259,19.9761
CMP-222994,PortablePA_Weekend,Conversion,,198241.0,6753,364.0,3244.80,129610.15000000001,0.0341,0.0539,39.9440
CMP-160006,PortablePA_Weekend,Conversion,,103813.0,2291,158.0,1206.52,60795.149999999994,0.0221,0.0690,50.3888
CMP-444406,BackToSchool,Retention,LATAM,165945.0,3223,115.0,2153.38,40284.700000000004,0.0194,0.0357,18.7077
CMP-495637,Campus_Promo,Awareness,APAC,264784.0,5497,201.0,3817.60,79911.94,0.0208,0.0366,20.9325
CMP-343092,Holiday_Blast,Conversion,EU,120110.0,3130,130.0,1272.06,58609.71,0.0261,0.0415,46.0746
CMP-754836,PortablePA_Weekend,Conversion,,89824.0,3286,202.0,1508.29,56015.65,0.0366,0.0615,37.1385
CMP-501035,BackToSchool,Conversion,EU,100138.0,2740,148.0,1440.55,55263.01,0.0274,0.0540,38.3624
CMP-979387,Studio_Refresh,Awareness,,99704.0,3013,80.0,1387.93,25540.35,0.0302,0.0266,18.4018
CMP-720935,Studio_Refresh,Awareness,APAC,203079.0,5775,203.0,2587.85,59376.57,0.0284,0.0352,22.9444
CMP-492383,Studio_Refresh,Conversion,,35052.0,919,15.0,672.55,7754.070000000001,0.0262,0.0163,11.5294
CMP-624681,Partner_Sale,Conversion,LATAM,114503.0,2663,151.0,1555.11,38853.3,0.0233,0.0567,24.9843
CMP-446198,Flash_Deal,Consideration,APAC,135060.0,3537,160.0,1281.40,56213.78999999999,0.0262,0.0452,43.8690
CMP-285501,Studio_Refresh,Awareness,APAC,273812.0,7877,298.0,2915.54,118586.20000000001,0.0288,0.0378,40.6738
CMP-546070,Aviation_Push,Conversion,APAC,146632.0,3933,256.0,1413.56,71618.8,0.0268,0.0651,50.6656
CMP-483450,Partner_Sale,Awareness,,260535.0,5720,187.0,3387.74,49434.97,0.0220,0.0327,14.5923
CMP-715846,Spring_Sound,Awareness,APAC,123997.0,3648,136.0,1912.06,31895.73,0.0294,0.0373,16.6813
CMP-755331,Flash_Deal,Conversion,LATAM,221497.0,5970,277.0,2801.68,62443.38999999999,0.0270,0.0464,22.2878
CMP-852908,Holiday_Blast,Conversion,LATAM,143798.0,3137,167.0,1260.55,35495.270000000004,0.0218,0.0532,28.1586
CMP-829283,Aviation_Push,Consideration,EU,184055.0,3651,74.0,2639.62,27426.920000000002,0.0198,0.0203,10.3905
CMP-432369,PortablePA_Weekend,Conversion,,159247.0,3606,134.0,1093.43,44388.01,0.0226,0.0372,40.5952
CMP-983101,BackToSchool,Consideration,APAC,116343.0,3286,121.0,2002.67,38381.90000000001,0.0282,0.0368,19.1654
CMP-873078,PortablePA_Weekend,Conversion,LATAM,208580.0,3844,157.0,2327.97,49800.11,0.0184,0.0408,21.3921
CMP-472235,Campus_Promo,Conversion,LATAM,165723.0,4158,211.0,1867.43,69852.91,0.0251,0.0507,37.4059
CMP-847960,HomeTheater_Upgrade,Consideration,LATAM,118325.0,3062,102.0,1518.49,43709.240000000005,0.0259,0.0333,28.7847
CMP-754836,PortablePA_Weekend,Conversion,LATAM,113620.0,2223,140.0,1558.44,50444.41999999999,0.0196,0.0630,32.3685
CMP-992278,Flash_Deal,Awareness,,100969.0,2421,67.0,1146.16,18414.85,0.0240,0.0277,16.0666
CMP-365329,Spring_Sound,Consideration,EU,147236.0,4282,112.0,1441.14,40027.990000000005,0.0291,0.0262,27.7752
CMP-208933,Studio_Refresh,Awareness,EU,75228.0,1444,33.0,878.39,1815.65,0.0192,0.0229,2.0670
CMP-366086,Campus_Promo,Conversion,LATAM,132502.0,2366,107.0,1589.85,35561.09,0.0179,0.0452,22.3676
CMP-539953,Spring_Sound,Consideration,,176107.0,5489,213.0,2539.48,69873.26000000001,0.0312,0.0388,27.5148
CMP-517641,Flash_Deal,Retention,EU,148930.0,3651,78.0,2000.00,24539.920000000002,0.0245,0.0214,12.2700
CMP-942377,Studio_Refresh,Awareness,LATAM,283930.0,6535,195.0,3976.78,75070.55,0.0230,0.0298,18.8772
CMP-580870,Campus_Promo,Conversion,EU,90913.0,3024,192.0,1007.50,53477.100000000006,0.0333,0.0635,53.0790
CMP-352468,HomeTheater_Upgrade,Conversion,APAC,68632.0,1708,75.0,745.80,29982.820000000003,0.0249,0.0439,40.2022
CMP-517641,Flash_Deal,Retention,APAC,78950.0,2167,55.0,1093.65,18415.94,0.0274,0.0254,16.8390
CMP-601989,PortablePA_Weekend,Consideration,LATAM,122500.0,2906,103.0,1198.72,34710.69,0.0237,0.0354,28.9565
CMP-282212,Partner_Sale,Conversion,LATAM,111294.0,3236,179.0,1939.45,66047.01000000001,0.0291,0.0553,34.0545
CMP-563555,Partner_Sale,Awareness,EU,259525.0,7806,198.0,3475.43,73023.15000000001,0.0301,0.0254,21.0113
CMP-714663,PortablePA_Weekend,Awareness,,150810.0,3529,87.0,2032.10,22924.499999999996,0.0234,0.0247,11.2812
CMP-768444,Flash_Deal,Consideration,,161564.0,4693,158.0,1921.81,54316.26,0.0290,0.0337,28.2631
CMP-226080,Aviation_Push,Conversion,,147801.0,3530,203.0,1911.58,64460.62,0.0239,0.0575,33.7211
CMP-843764,Aviation_Push,Conversion,EU,136562.0,3959,203.0,2204.47,64426.000000000015,0.0290,0.0513,29.2252
CMP-444406,BackToSchool,Retention,EU,72427.0,1898,36.0,719.21,13034.4,0.0262,0.0190,18.1232
CMP-390704,HomeTheater_Upgrade,Awareness,LATAM,196860.0,5370,129.0,3536.47,52095.04,0.0273,0.0240,14.7308
CMP-100258,Spring_Sound,Awareness,EU,307028.0,7649,207.0,4358.51,53109.42,0.0249,0.0271,12.1852
CMP-426905,Flash_Deal,Conversion,EU,112069.0,3390,212.0,1479.16,40589.44,0.0302,0.0625,27.4409
CMP-126524,PortablePA_Weekend,Awareness,,222070.0,5018,171.0,2673.50,66165.37999999999,0.0226,0.0341,24.7486
CMP-164076,Spring_Sound,Consideration,EU,130674.0,4131,104.0,1328.53,35484.020000000004,0.0316,0.0252,26.7092
CMP-699975,HomeTheater_Upgrade,Consideration,EU,88090.0,1903,67.0,1479.23,23218.49,0.0216,0.0352,15.6963
CMP-264052,Studio_Refresh,Retention,EU,127844.0,3218,94.0,1496.46,22765.269999999997,0.0252,0.0292,15.2127
CMP-366086,Campus_Promo,Conversion,,101544.0,2925,159.0,1568.50,60300.83,0.0288,0.0544,38.4449
CMP-994854,Flash_Deal,Awareness,EU,232332.0,5755,190.0,2122.48,68320.94,0.0248,0.0330,32.1892
CMP-593679,BackToSchool,Conversion,EU,290608.0,6604,307.0,2849.78,105424.59999999999,0.0227,0.0465,36.9939
CMP-871957,Partner_Sale,Conversion,LATAM,132804.0,3123,127.0,1897.18,36924.37,0.0235,0.0407,19.4628
CMP-852908,Holiday_Blast,Conversion,APAC,131831.0,4679,194.0,1723.94,58729.37,0.0355,0.0415,34.0669
CMP-431853,Studio_Refresh,Consideration,,69923.0,1387,52.0,853.99,13331.91,0.0198,0.0375,15.6113
CMP-960623,Aviation_Push,Awareness,LATAM,129919.0,3144,142.0,1384.55,40439.71,0.0242,0.0452,29.2078
CMP-686986,PortablePA_Weekend,Consideration,LATAM,115355.0,3471,107.0,1309.87,34785.369999999995,0.0301,0.0308,26.5564
CMP-303614,Studio_Refresh,Conversion,LATAM,99295.0,2250,113.0,846.65,34102.73,0.0227,0.0502,40.2796
CMP-276264,Studio_Refresh,Conversion,APAC,125794.0,2496,171.0,1880.35,56625.259999999995,0.0198,0.0685,30.1142
CMP-195775,HomeTheater_Upgrade,Consideration,LATAM,199376.0,4708,154.0,2693.56,29053.14,0.0236,0.0327,10.7861
CMP-866150,BackToSchool,Conversion,APAC,160230.0,4367,149.0,2596.03,69136.15,0.0273,0.0341,26.6315
CMP-207292,Spring_Sound,Consideration,EU,148770.0,3236,79.0,1703.03,25014.86,0.0218,0.0244,14.6884
CMP-232858,BackToSchool,Retention,APAC,171082.0,3272,102.0,2089.33,23564.140000000003,0.0191,0.0312,11.2783
CMP-501035,BackToSchool,Conversion,LATAM,151870.0,3724,195.0,1784.68,57918.45,0.0245,0.0524,32.4531
CMP-672089,Spring_Sound,Conversion,APAC,166778.0,3240,204.0,2201.28,66472.22,0.0194,0.0630,30.1971
CMP-759367,Partner_Sale,Conversion,EU,95027.0,1733,73.0,1099.33,5686.8099999999995,0.0182,0.0421,5.1730
CMP-864750,Aviation_Push,Conversion,APAC,105141.0,2556,138.0,1682.76,39587.88,0.0243,0.0540,23.5256
CMP-181566,Campus_Promo,Consideration,EU,292220.0,8871,253.0,2590.85,67767.67,0.0304,0.0285,26.1565
CMP-772765,Studio_Refresh,Conversion,LATAM,121733.0,3224,162.0,1370.97,53564.34000000001,0.0265,0.0502,39.0704
CMP-303614,Studio_Refresh,Conversion,EU,137190.0,3061,179.0,1823.84,54584.96000000001,0.0223,0.0585,29.9286
CMP-367124,Campus_Promo,Conversion,,150104.0,3837,203.0,1891.97,84320.95,0.0256,0.0529,44.5678
CMP-845108,Holiday_Blast,Consideration,EU,102606.0,2584,93.0,968.30,18984.050000000003,0.0252,0.0360,19.6055
CMP-105887,Holiday_Blast,Conversion,LATAM,192107.0,5868,278.0,1385.78,75329.61,0.0305,0.0474,54.3590
CMP-102800,Studio_Refresh,Conversion,,159689.0,4482,242.0,1832.38,40641.14,0.0281,0.0540,22.1794
CMP-287700,Campus_Promo,Retention,LATAM,87284.0,2879,82.0,1534.52,28439.059999999998,0.0330,0.0285,18.5329
CMP-264052,Studio_Refresh,Retention,APAC,182278.0,5461,192.0,2168.10,62613.26,0.0300,0.0352,28.8793
CMP-337009,Partner_Sale,Retention,APAC,119186.0,2824,72.0,1440.18,32586.660000000003,0.0237,0.0255,22.6268
CMP-277433,BackToSchool,Conversion,APAC,117180.0,3698,148.0,1963.53,79066.31000000001,0.0316,0.0400,40.2674
CMP-337009,Partner_Sale,Retention,LATAM,143197.0,4192,126.0,3901.81,52931.39,0.0293,0.0301,13.5659
CMP-417255,Partner_Sale,Retention,,154188.0,3566,74.0,2044.95,15506.679999999998,0.0231,0.0208,7.5829
CMP-563555,Partner_Sale,Awareness,LATAM,179253.0,4162,113.0,1582.32,42587.259999999995,0.0232,0.0272,26.9144
CMP-461714,Spring_Sound,Awareness,,146298.0,3438,117.0,2322.54,34499.83,0.0235,0.0340,14.8544
CMP-993990,HomeTheater_Upgrade,Awareness,EU,200311.0,5354,155.0,2348.33,40909.79,0.0267,0.0290,17.4208
CMP-712859,Studio_Refresh,Retention,EU,148716.0,2537,56.0,1790.09,19768.97,0.0171,0.0221,11.0436
CMP-946652,Campus_Promo,Conversion,APAC,189678.0,3710,174.0,2325.30,62984.299999999996,0.0196,0.0469,27.0865
CMP-818660,PortablePA_Weekend,Consideration,EU,188879.0,5886,193.0,2243.28,51832.34,0.0312,0.0328,23.1056
CMP-903266,Campus_Promo,Consideration,APAC,96990.0,1957,66.0,1258.53,13710.75,0.0202,0.0337,10.8943
CMP-146050,BackToSchool,Consideration,EU,236008.0,6047,140.0,3291.52,42182.27,0.0256,0.0232,12.8154
CMP-486785,Spring_Sound,Conversion,LATAM,227999.0,6683,315.0,2493.17,128950.86,0.0293,0.0471,51.7216
CMP-102800,Studio_Refresh,Conversion,EU,63785.0,1787,70.0,1075.66,26694.96,0.0280,0.0392,24.8173
CMP-576557,Holiday_Blast,Conversion,APAC,168717.0,5550,315.0,2315.17,105595.48,0.0329,0.0568,45.6102
CMP-772765,Studio_Refresh,Conversion,,108978.0,2008,109.0,998.75,25527.0,0.0184,0.0543,25.5589
CMP-362709,HomeTheater_Upgrade,Consideration,LATAM,187365.0,4074,79.0,1828.44,26283.989999999998,0.0217,0.0194,14.3751
CMP-591461,PortablePA_Weekend,Consideration,,181409.0,5006,124.0,2692.84,43043.55,0.0276,0.0248,15.9844
CMP-446198,Flash_Deal,Consideration,,53091.0,1728,61.0,690.85,18043.08,0.0325,0.0353,26.1172
CMP-386290,Spring_Sound,Awareness,APAC,98302.0,2368,66.0,1395.24,24077.370000000003,0.0241,0.0279,17.2568
CMP-186847,Campus_Promo,Consideration,APAC,192111.0,2770,87.0,2275.13,21739.239999999998,0.0144,0.0314,9.5552
CMP-873276,BackToSchool,Retention,APAC,92644.0,2153,50.0,1136.95,16646.31,0.0232,0.0232,14.6412
CMP-974098,Flash_Deal,Awareness,,231313.0,5873,158.0,2129.94,38790.62,0.0254,0.0269,18.2121
CMP-461714,Spring_Sound,Awareness,EU,204608.0,4188,98.0,2993.34,31231.239999999998,0.0205,0.0234,10.4336
CMP-249824,Partner_Sale,Awareness,LATAM,196288.0,4804,121.0,3175.96,27638.55,0.0245,0.0252,8.7024
CMP-843764,Aviation_Push,Conversion,,77359.0,2081,113.0,969.78,24685.199999999997,0.0269,0.0543,25.4544
CMP-746944,Spring_Sound,Conversion,APAC,159261.0,2727,160.0,2070.05,53104.94,0.0171,0.0587,25.6539
CMP-829283,Aviation_Push,Consideration,APAC,160425.0,4619,169.0,2640.54,52349.03,0.0288,0.0366,19.8251
CMP-198406,Flash_Deal,Awareness,LATAM,172235.0,3684,110.0,1558.78,42850.469999999994,0.0214,0.0299,27.4897
CMP-195775,HomeTheater_Upgrade,Consideration,,74520.0,2181,47.0,1132.07,16466.75,0.0293,0.0215,14.5457
CMP-800969,Flash_Deal,Retention,APAC,154653.0,4322,113.0,2155.60,29617.979999999996,0.0279,0.0261,13.7400
CMP-734152,HomeTheater_Upgrade,Conversion,LATAM,108710.0,3123,159.0,1092.66,55081.64,0.0287,0.0509,50.4106
CMP-743829,Spring_Sound,Awareness,APAC,365060.0,9565,320.0,5074.37,92433.84,0.0262,0.0335,18.2158
CMP-517641,Flash_Deal,Retention,,78077.0,1895,55.0,981.66,20533.6,0.0243,0.0290,20.9172
CMP-624681,Partner_Sale,Conversion,APAC,143466.0,4130,195.0,2284.24,64375.2,0.0288,0.0472,28.1823
CMP-779003,Studio_Refresh,Consideration,EU,241990.0,4697,169.0,2993.17,52913.91,0.0194,0.0360,17.6782
CMP-198679,Spring_Sound,Conversion,,135543.0,3412,134.0,1927.69,33920.6,0.0252,0.0393,17.5965
CMP-130237,Spring_Sound,Retention,,95805.0,2115,54.0,1031.57,13410.85,0.0221,0.0255,13.0004
CMP-324164,Partner_Sale,Conversion,LATAM,158789.0,5567,312.0,2340.97,92306.15,0.0351,0.0560,39.4307
CMP-391228,HomeTheater_Upgrade,Conversion,,207216.0,5568,302.0,2717.44,74766.58,0.0269,0.0542,27.5136
CMP-444406,BackToSchool,Retention,,58183.0,1279,45.0,714.25,13594.440000000002,0.0220,0.0352,19.0332
CMP-979387,Studio_Refresh,Awareness,LATAM,147591.0,4344,93.0,1324.32,47178.89,0.0294,0.0214,35.6250
CMP-745804,HomeTheater_Upgrade,Retention,LATAM,124760.0,2897,77.0,1686.23,21688.98,0.0232,0.0266,12.8624
CMP-467476,Campus_Promo,Conversion,EU,161085.0,3828,153.0,2221.89,76279.37000000001,0.0238,0.0400,34.3308
CMP-259825,Flash_Deal,Conversion,APAC,186114.0,5051,209.0,2455.27,54103.71,0.0271,0.0414,22.0357
CMP-198406,Flash_Deal,Awareness,,212320.0,4083,53.0,2082.58,19486.649999999998,0.0192,0.0130,9.3570
CMP-768444,Flash_Deal,Consideration,EU,125439.0,2909,95.0,1292.46,15500.0,0.0232,0.0327,11.9926
CMP-117484,Studio_Refresh,Awareness,LATAM,251359.0,5472,209.0,3161.08,61963.03000000001,0.0218,0.0382,19.6019
CMP-745804,HomeTheater_Upgrade,Retention,APAC,102282.0,2490,75.0,1568.65,12859.029999999999,0.0243,0.0301,8.1975
CMP-736249,BackToSchool,Conversion,APAC,119675.0,2931,125.0,1798.23,45384.3,0.0245,0.0426,25.2383
CMP-908184,Studio_Refresh,Consideration,APAC,124541.0,2912,101.0,1445.16,27652.129999999997,0.0234,0.0347,19.1343
CMP-624681,Partner_Sale,Conversion,,227868.0,5505,307.0,2560.60,65448.8,0.0242,0.0558,25.5599
CMP-734152,HomeTheater_Upgrade,Conversion,EU,103370.0,2477,136.0,1059.33,51180.77999999999,0.0240,0.0549,48.3143
CMP-596403,Holiday_Blast,Conversion,LATAM,92459.0,1782,101.0,737.79,36770.46,0.0193,0.0567,49.8387
CMP-736249,BackToSchool,Conversion,LATAM,104027.0,2932,127.0,1443.41,27695.53,0.0282,0.0433,19.1876
CMP-909478,Partner_Sale,Awareness,,163758.0,4069,163.0,2041.96,62293.72,0.0248,0.0401,30.5068
CMP-723330,Aviation_Push,Awareness,LATAM,255420.0,5618,165.0,3337.74,55832.61,0.0220,0.0294,16.7277
CMP-546867,PortablePA_Weekend,Consideration,EU,143360.0,2400,47.0,1849.99,14739.850000000002,0.0167,0.0196,7.9675
CMP-778657,Studio_Refresh,Conversion,EU,140355.0,3788,238.0,1473.06,82272.04,0.0270,0.0628,55.8511
CMP-742693,Aviation_Push,Conversion,APAC,114098.0,2473,142.0,2037.69,42374.310000000005,0.0217,0.0574,20.7953
CMP-563100,PortablePA_Weekend,Awareness,APAC,155559.0,3955,148.0,1517.33,50356.92,0.0254,0.0374,33.1878
CMP-896925,PortablePA_Weekend,Awareness,LATAM,205715.0,5135,163.0,2892.68,61972.439999999995,0.0250,0.0317,21.4239
CMP-301998,Aviation_Push,Conversion,APAC,100236.0,2878,153.0,1035.48,46464.29,0.0287,0.0532,44.8722
CMP-921417,PortablePA_Weekend,Awareness,APAC,265198.0,7838,261.0,3647.08,101099.60999999999,0.0296,0.0333,27.7207
CMP-744794,BackToSchool,Awareness,,192253.0,5400,164.0,2132.76,45857.93,0.0281,0.0304,21.5017
CMP-367124,Campus_Promo,Conversion,APAC,60847.0,2253,120.0,1029.18,34541.310000000005,0.0370,0.0533,33.5620
CMP-304355,Flash_Deal,Conversion,LATAM,113674.0,2394,82.0,1465.83,31568.52,0.0211,0.0343,21.5363
CMP-131904,Holiday_Blast,Conversion,,198553.0,5346,280.0,1769.13,100510.59999999999,0.0269,0.0524,56.8136
CMP-597526,Studio_Refresh,Awareness,APAC,159179.0,4392,113.0,2082.86,31869.249999999996,0.0276,0.0257,15.3007
CMP-300261,BackToSchool,Conversion,APAC,214475.0,5378,286.0,2412.54,81082.51,0.0251,0.0532,33.6088
CMP-260633,HomeTheater_Upgrade,Awareness,LATAM,174629.0,2392,95.0,2149.30,23678.33,0.0137,0.0397,11.0168
CMP-776153,Aviation_Push,Awareness,APAC,175996.0,3820,108.0,2664.38,39516.240000000005,0.0217,0.0283,14.8313
CMP-225228,Studio_Refresh,Consideration,,107980.0,2309,62.0,830.17,19731.66,0.0214,0.0269,23.7682
CMP-651553,PortablePA_Weekend,Conversion,,126447.0,2787,173.0,1583.83,54035.0,0.0220,0.0621,34.1167
CMP-908184,Studio_Refresh,Consideration,,173100.0,3121,63.0,2386.31,33032.78,0.0180,0.0202,13.8426
CMP-444406,BackToSchool,Retention,APAC,113920.0,3395,99.0,1241.91,28477.929999999997,0.0298,0.0292,22.9308
CMP-326957,Studio_Refresh,Retention,APAC,80659.0,2070,57.0,1218.87,23032.3,0.0257,0.0275,18.8964
CMP-286659,PortablePA_Weekend,Consideration,LATAM,117339.0,2142,73.0,1404.91,26683.070000000007,0.0183,0.0341,18.9927
CMP-863878,BackToSchool,Awareness,,183380.0,5798,181.0,2138.90,68467.29,0.0316,0.0312,32.0105
CMP-672089,Spring_Sound,Conversion,,123493.0,2791,144.0,1502.76,46569.63999999999,0.0226,0.0516,30.9894
CMP-260633,HomeTheater_Upgrade,Awareness,EU,173068.0,4137,153.0,2635.29,48498.98,0.0239,0.0370,18.4037
CMP-432369,PortablePA_Weekend,Conversion,EU,75029.0,1945,132.0,971.44,32175.550000000003,0.0259,0.0679,33.1215
CMP-420602,Aviation_Push,Awareness,EU,235606.0,4464,170.0,2796.71,60492.7,0.0189,0.0381,21.6300
CMP-636561,Campus_Promo,Conversion,APAC,130491.0,2571,124.0,1705.45,44438.490000000005,0.0197,0.0482,26.0568
CMP-974098,Flash_Deal,Awareness,LATAM,184341.0,3409,123.0,3075.04,42940.13,0.0185,0.0361,13.9641
CMP-703618,Studio_Refresh,Awareness,,270488.0,7345,214.0,3473.01,51675.72000000001,0.0272,0.0291,14.8792
CMP-691040,Partner_Sale,Awareness,,193431.0,5839,138.0,2731.98,36850.85,0.0302,0.0236,13.4887
CMP-160006,PortablePA_Weekend,Conversion,APAC,116982.0,2990,155.0,1459.78,35977.18000000001,0.0256,0.0518,24.6456
CMP-286659,PortablePA_Weekend,Consideration,APAC,83049.0,2352,57.0,1171.96,8608.84,0.0283,0.0242,7.3457
CMP-597526,Studio_Refresh,Awareness,EU,131277.0,1942,80.0,2159.27,19806.55,0.0148,0.0412,9.1728
CMP-656464,Campus_Promo,Conversion,,91211.0,1658,60.0,944.55,18016.04,0.0182,0.0362,19.0737
CMP-598560,Aviation_Push,Conversion,EU,120621.0,2948,159.0,1264.96,57228.95999999999,0.0244,0.0539,45.2417
CMP-546867,PortablePA_Weekend,Consideration,LATAM,162093.0,3247,82.0,1874.42,21046.109999999993,0.0200,0.0253,11.2281
CMP-324289,PortablePA_Weekend,Consideration,,133310.0,2363,90.0,1720.22,27355.609999999997,0.0177,0.0381,15.9024
CMP-996922,Aviation_Push,Conversion,,111273.0,2232,140.0,1179.97,48178.31,0.0201,0.0627,40.8301
CMP-840551,Flash_Deal,Consideration,,303868.0,7626,239.0,4121.95,89427.3,0.0251,0.0313,21.6954
CMP-993990,HomeTheater_Upgrade,Awareness,APAC,174442.0,4600,76.0,2107.38,32851.86,0.0264,0.0165,15.5890
CMP-791397,Studio_Refresh,Consideration,APAC,140270.0,3652,69.0,1889.89,34018.67999999999,0.0260,0.0189,18.0003
CMP-980673,Flash_Deal,Awareness,LATAM,132457.0,3869,107.0,1249.55,32258.660000000003,0.0292,0.0277,25.8162
CMP-737058,HomeTheater_Upgrade,Conversion,EU,126593.0,3128,209.0,1543.66,68300.75000000001,0.0247,0.0668,44.2460
CMP-883945,Spring_Sound,Conversion,LATAM,344066.0,8027,512.0,4740.61,160754.14999999997,0.0233,0.0638,33.9100
CMP-390704,HomeTheater_Upgrade,Awareness,,307043.0,7091,202.0,4072.41,67583.61,0.0231,0.0285,16.5955
CMP-343092,Holiday_Blast,Conversion,APAC,74407.0,1766,78.0,803.12,21608.09,0.0237,0.0442,26.9052
CMP-847960,HomeTheater_Upgrade,Consideration,APAC,120447.0,2836,52.0,1457.50,28899.989999999998,0.0235,0.0183,19.8285
CMP-802586,HomeTheater_Upgrade,Retention,LATAM,226302.0,4369,145.0,2809.33,53841.48,0.0193,0.0332,19.1652
CMP-904246,Partner_Sale,Consideration,,167028.0,4069,136.0,2414.45,47892.149999999994,0.0244,0.0334,19.8356
CMP-754836,PortablePA_Weekend,Conversion,APAC,111914.0,2734,149.0,1697.41,32814.03,0.0244,0.0545,19.3318
CMP-986888,Spring_Sound,Consideration,APAC,72375.0,1994,38.0,1017.88,7038.67,0.0276,0.0191,6.9150
CMP-886364,Aviation_Push,Retention,,77151.0,1941,86.0,770.55,30827.22,0.0252,0.0443,40.0068
CMP-556564,Studio_Refresh,Retention,APAC,73245.0,1522,35.0,1061.80,15574.53,0.0208,0.0230,14.6680
CMP-596446,BackToSchool,Consideration,,208982.0,4955,118.0,2841.92,38987.93,0.0237,0.0238,13.7189
CMP-417255,Partner_Sale,Retention,LATAM,94643.0,2074,57.0,1157.22,19038.21,0.0219,0.0275,16.4517
CMP-636561,Campus_Promo,Conversion,EU,52627.0,1153,53.0,425.90,14920.970000000001,0.0219,0.0460,35.0340
CMP-742693,Aviation_Push,Conversion,EU,87207.0,2229,126.0,1221.86,35697.71000000001,0.0256,0.0565,29.2159
CMP-737058,HomeTheater_Upgrade,Conversion,,163750.0,3288,131.0,2020.74,39037.49999999999,0.0201,0.0398,19.3184
CMP-198406,Flash_Deal,Awareness,APAC,256988.0,7198,285.0,2697.89,58760.37999999999,0.0280,0.0396,21.7801
CMP-594601,Holiday_Blast,Consideration,,190361.0,3399,84.0,2941.03,31798.690000000002,0.0179,0.0247,10.8121
CMP-838474,HomeTheater_Upgrade,Retention,,147129.0,3694,97.0,2110.14,35963.26,0.0251,0.0263,17.0431
CMP-845902,BackToSchool,Conversion,EU,130088.0,3459,192.0,1512.17,46329.11,0.0266,0.0555,30.6375
CMP-838474,HomeTheater_Upgrade,Retention,LATAM,52237.0,1134,48.0,600.91,19002.440000000002,0.0217,0.0423,31.6228
CMP-687712,Aviation_Push,Conversion,APAC,178706.0,3823,235.0,2448.49,70301.95999999999,0.0214,0.0615,28.7124
CMP-614117,PortablePA_Weekend,Consideration,APAC,102658.0,2779,97.0,926.08,33397.53,0.0271,0.0349,36.0633
CMP-736249,BackToSchool,Conversion,EU,145922.0,3514,105.0,1765.15,49326.04,0.0241,0.0299,27.9444
CMP-783768,Flash_Deal,Conversion,,273144.0,11395,672.0,3714.16,182714.45,0.0417,0.0590,49.1940
CMP-800969,Flash_Deal,Retention,EU,188932.0,6035,164.0,2847.01,56913.14,0.0319,0.0272,19.9905
CMP-886364,Aviation_Push,Retention,LATAM,158993.0,4315,164.0,2074.26,53967.26000000001,0.0271,0.0380,26.0176
CMP-324289,PortablePA_Weekend,Consideration,EU,164752.0,3375,54.0,2355.39,17592.48,0.0205,0.0160,7.4690
CMP-146050,BackToSchool,Consideration,LATAM,91601.0,2348,79.0,1109.62,26588.130000000005,0.0256,0.0336,23.9615
CMP-946446,Spring_Sound,Conversion,EU,56446.0,1489,63.0,664.19,17167.45,0.0264,0.0423,25.8472
CMP-250295,Partner_Sale,Awareness,APAC,180220.0,4838,173.0,2325.11,68483.06,0.0268,0.0358,29.4537
CMP-467476,Campus_Promo,Conversion,APAC,94340.0,2643,112.0,1222.71,21686.18,0.0280,0.0424,17.7362
CMP-734787,Holiday_Blast,Conversion,APAC,172321.0,3805,248.0,1689.81,58889.450000000004,0.0221,0.0652,34.8497
CMP-563100,PortablePA_Weekend,Awareness,,140882.0,4443,143.0,1659.10,39777.12,0.0315,0.0322,23.9751
CMP-324164,Partner_Sale,Conversion,APAC,195086.0,5179,253.0,2496.06,73576.58000000002,0.0265,0.0489,29.4771
CMP-767254,Studio_Refresh,Consideration,LATAM,145591.0,3018,61.0,1856.86,14528.58,0.0207,0.0202,7.8243
CMP-715354,Studio_Refresh,Consideration,EU,107252.0,2879,102.0,1186.06,28166.509999999995,0.0268,0.0354,23.7480
CMP-113625,Aviation_Push,Conversion,,108692.0,2559,139.0,1251.56,40018.23,0.0235,0.0543,31.9747
CMP-304355,Flash_Deal,Conversion,EU,155730.0,3176,184.0,2064.47,64259.520000000004,0.0204,0.0579,31.1264
CMP-420602,Aviation_Push,Awareness,LATAM,111054.0,2391,78.0,872.98,27434.07,0.0215,0.0326,31.4258
CMP-492383,Studio_Refresh,Conversion,LATAM,59743.0,1189,91.0,706.09,32477.82,0.0199,0.0765,45.9967
CMP-974098,Flash_Deal,Awareness,APAC,93482.0,2804,49.0,1053.85,21909.99,0.0300,0.0175,20.7904
CMP-742693,Aviation_Push,Conversion,,175068.0,4546,307.0,1899.50,118099.93999999999,0.0260,0.0675,62.1742
CMP-326957,Studio_Refresh,Retention,LATAM,99164.0,2592,90.0,1017.70,26703.760000000002,0.0261,0.0347,26.2393
CMP-651553,PortablePA_Weekend,Conversion,APAC,192782.0,5509,271.0,2531.49,86214.49000000002,0.0286,0.0492,34.0568
CMP-935593,BackToSchool,Conversion,EU,92226.0,3174,169.0,1007.45,62034.88,0.0344,0.0532,61.5761
CMP-181998,Aviation_Push,Conversion,APAC,129761.0,3648,200.0,1757.50,47667.09,0.0281,0.0548,27.1221
CMP-776153,Aviation_Push,Awareness,LATAM,298825.0,6989,184.0,3212.11,74483.58,0.0234,0.0263,23.1884
CMP-989433,BackToSchool,Conversion,APAC,179888.0,4674,205.0,2377.91,69504.05,0.0260,0.0439,29.2290
CMP-199315,Spring_Sound,Conversion,LATAM,124503.0,2917,107.0,1813.96,37469.58,0.0234,0.0367,20.6562
CMP-556564,Studio_Refresh,Retention,,134820.0,3272,96.0,1569.30,32728.780000000002,0.0243,0.0293,20.8557
CMP-734787,Holiday_Blast,Conversion,LATAM,201380.0,3619,197.0,2829.15,68668.53999999998,0.0180,0.0544,24.2718
CMP-425468,Aviation_Push,Conversion,EU,138224.0,3338,178.0,1383.03,68100.17000000001,0.0241,0.0533,49.2398
CMP-326957,Studio_Refresh,Retention,EU,80406.0,2500,50.0,824.68,19734.85,0.0311,0.0200,23.9303
CMP-181239,Campus_Promo,Consideration,EU,134153.0,5334,169.0,1945.39,34008.72,0.0398,0.0317,17.4817
CMP-165352,Aviation_Push,Consideration,LATAM,49271.0,1467,35.0,628.87,10281.07,0.0298,0.0239,16.3485
CMP-759367,Partner_Sale,Conversion,LATAM,225226.0,4518,270.0,3370.61,95657.28,0.0201,0.0598,28.3798
CMP-883945,Spring_Sound,Conversion,APAC,244570.0,4821,209.0,3340.27,58333.56,0.0197,0.0434,17.4637
CMP-393586,Studio_Refresh,Consideration,APAC,79134.0,1546,20.0,1071.07,5646.25,0.0195,0.0129,5.2716
CMP-755643,Partner_Sale,Awareness,APAC,143529.0,3404,113.0,1555.00,25122.07,0.0237,0.0332,16.1557
CMP-324164,Partner_Sale,Conversion,EU,120649.0,4354,316.0,854.22,115083.73,0.0361,0.0726,134.7238
CMP-387918,Partner_Sale,Conversion,LATAM,125845.0,3270,206.0,1972.03,56388.469999999994,0.0260,0.0630,28.5941
CMP-797137,Spring_Sound,Retention,EU,86923.0,1869,56.0,1126.65,18357.359999999997,0.0215,0.0300,16.2938
CMP-596403,Holiday_Blast,Conversion,EU,129095.0,3571,194.0,1877.67,65176.82000000001,0.0277,0.0543,34.7115
CMP-838474,HomeTheater_Upgrade,Retention,APAC,41765.0,731,27.0,511.82,10297.820000000002,0.0175,0.0369,20.1200
CMP-304355,Flash_Deal,Conversion,APAC,64105.0,2548,198.0,971.58,62069.83999999999,0.0397,0.0777,63.8855
CMP-996922,Aviation_Push,Conversion,EU,75081.0,2563,161.0,1190.20,32126.96,0.0341,0.0628,26.9929
CMP-980673,Flash_Deal,Awareness,,263445.0,6167,238.0,3848.32,54691.22,0.0234,0.0386,14.2117
CMP-337009,Partner_Sale,Retention,,82257.0,2183,60.0,1327.12,25734.949999999997,0.0265,0.0275,19.3916
CMP-670512,Holiday_Blast,Awareness,EU,268385.0,5684,204.0,2870.32,68879.98000000001,0.0212,0.0359,23.9973
CMP-563100,PortablePA_Weekend,Awareness,EU,115774.0,2778,60.0,1493.14,21926.39,0.0240,0.0216,14.6848
CMP-113625,Aviation_Push,Conversion,APAC,114353.0,3619,188.0,2112.94,58072.72,0.0316,0.0519,27.4843
CMP-576557,Holiday_Blast,Conversion,LATAM,104183.0,2645,126.0,1534.30,36143.04000000001,0.0254,0.0476,23.5567
CMP-186847,Campus_Promo,Consideration,,126200.0,2904,88.0,1157.60,23288.3,0.0230,0.0303,20.1177
CMP-977944,Studio_Refresh,Consideration,LATAM,366360.0,9317,221.0,4949.49,87304.39000000001,0.0254,0.0237,17.6391
CMP-561047,BackToSchool,Retention,LATAM,137159.0,3669,90.0,1706.14,14569.2,0.0267,0.0245,8.5393
CMP-462798,BackToSchool,Awareness,APAC,170354.0,4233,136.0,2406.56,37381.99,0.0248,0.0321,15.5334
CMP-181998,Aviation_Push,Conversion,LATAM,60785.0,590,29.0,838.84,6669.9800000000005,0.0097,0.0492,7.9514
CMP-365329,Spring_Sound,Consideration,,243906.0,3831,128.0,2706.21,45885.7,0.0157,0.0334,16.9557
CMP-199315,Spring_Sound,Conversion,APAC,132107.0,2935,205.0,1676.27,73362.45999999998,0.0222,0.0698,43.7653
CMP-390704,HomeTheater_Upgrade,Awareness,APAC,306437.0,8003,203.0,3562.63,65131.21000000001,0.0261,0.0254,18.2818
CMP-946446,Spring_Sound,Conversion,LATAM,126052.0,3319,203.0,1456.03,75899.07,0.0263,0.0612,52.1274
CMP-593679,BackToSchool,Conversion,,69246.0,1330,63.0,792.77,26020.71,0.0192,0.0474,32.8225
CMP-847960,HomeTheater_Upgrade,Consideration,,206434.0,5616,190.0,2062.88,60963.43,0.0272,0.0338,29.5526
CMP-367124,Campus_Promo,Conversion,LATAM,72622.0,2469,153.0,958.96,52375.18,0.0340,0.0620,54.6166
CMP-207978,Flash_Deal,Consideration,,184586.0,5739,196.0,2750.00,64166.35999999999,0.0311,0.0342,23.3332
CMP-613900,Campus_Promo,Consideration,,121321.0,2770,50.0,1582.52,18854.780000000002,0.0228,0.0181,11.9144
CMP-564915,Partner_Sale,Consideration,LATAM,120509.0,2441,75.0,1663.33,23006.43,0.0203,0.0307,13.8315
CMP-375710,Flash_Deal,Awareness,LATAM,149194.0,3336,85.0,2110.83,29509.570000000003,0.0224,0.0255,13.9801
CMP-484047,Spring_Sound,Awareness,LATAM,262037.0,5620,165.0,3204.86,46506.270000000004,0.0214,0.0294,14.5112
CMP-558482,Campus_Promo,Consideration,,188934.0,3748,113.0,2394.82,31853.870000000003,0.0198,0.0301,13.3012
CMP-651553,PortablePA_Weekend,Conversion,LATAM,93053.0,2252,130.0,1040.39,40101.89,0.0242,0.0577,38.5451
CMP-685005,HomeTheater_Upgrade,Retention,,111949.0,2559,75.0,997.05,21530.339999999997,0.0229,0.0293,21.5940
CMP-249824,Partner_Sale,Awareness,EU,65119.0,2032,16.0,779.88,3247.42,0.0312,0.0079,4.1640
CMP-767254,Studio_Refresh,Consideration,APAC,151830.0,2988,90.0,2083.10,24572.59,0.0197,0.0301,11.7962
CMP-699975,HomeTheater_Upgrade,Consideration,,76854.0,1751,44.0,899.64,16092.17,0.0228,0.0251,17.8873
CMP-935593,BackToSchool,Conversion,,122802.0,3143,176.0,1553.51,64459.78999999999,0.0256,0.0560,41.4930
CMP-667297,Studio_Refresh,Conversion,APAC,147002.0,3116,156.0,1856.54,56952.35,0.0212,0.0501,30.6766
CMP-130237,Spring_Sound,Retention,LATAM,216026.0,4829,141.0,2591.21,37780.270000000004,0.0224,0.0292,14.5802
CMP-829283,Aviation_Push,Consideration,,143743.0,2742,76.0,1996.72,28398.22,0.0191,0.0277,14.2224
CMP-935593,BackToSchool,Conversion,APAC,181049.0,4093,213.0,1765.57,68016.38,0.0226,0.0520,38.5238
CMP-723330,Aviation_Push,Awareness,,241603.0,5546,181.0,2750.31,69857.7,0.0230,0.0326,25.3999
CMP-797137,Spring_Sound,Retention,LATAM,89270.0,1923,56.0,1192.82,20120.03,0.0215,0.0291,16.8676
CMP-100258,Spring_Sound,Awareness,,202663.0,4324,100.0,2955.77,25681.180000000004,0.0213,0.0231,8.6885
CMP-946652,Campus_Promo,Conversion,,121042.0,3722,167.0,1532.91,56346.36000000001,0.0307,0.0449,36.7578
CMP-158770,Campus_Promo,Conversion,,262951.0,7304,510.0,3207.43,186768.02000000002,0.0278,0.0698,58.2298
CMP-286987,Aviation_Push,Awareness,,97710.0,2061,66.0,1004.78,20274.98,0.0211,0.0320,20.1785
CMP-994854,Flash_Deal,Awareness,LATAM,121966.0,2354,47.0,1593.90,7015.15,0.0193,0.0200,4.4012
CMP-755643,Partner_Sale,Awareness,LATAM,179747.0,5083,218.0,2143.33,35521.840000000004,0.0283,0.0429,16.5732
CMP-979387,Studio_Refresh,Awareness,EU,269747.0,7155,220.0,4139.57,87403.3,0.0265,0.0307,21.1141
CMP-686317,Partner_Sale,Conversion,LATAM,121095.0,2057,109.0,1782.85,40418.93,0.0170,0.0530,22.6710
CMP-117484,Studio_Refresh,Awareness,APAC,173312.0,3229,152.0,2400.29,58008.39,0.0186,0.0471,24.1672
CMP-767254,Studio_Refresh,Consideration,EU,41325.0,1085,25.0,572.48,8701.029999999999,0.0263,0.0230,15.1988
CMP-946652,Campus_Promo,Conversion,EU,122605.0,2732,112.0,1770.10,24943.04,0.0223,0.0410,14.0913
CMP-576557,Holiday_Blast,Conversion,,166700.0,4446,259.0,2182.20,70096.93,0.0267,0.0583,32.1221
CMP-687354,Flash_Deal,Awareness,APAC,170443.0,2688,92.0,2174.35,30404.92,0.0158,0.0342,13.9835
CMP-992278,Flash_Deal,Awareness,EU,164224.0,5355,99.0,2616.13,40137.810000000005,0.0326,0.0185,15.3424
CMP-980673,Flash_Deal,Awareness,EU,155990.0,4075,75.0,2223.81,27192.100000000002,0.0261,0.0184,12.2277
CMP-170015,HomeTheater_Upgrade,Consideration,EU,141962.0,3364,73.0,2436.82,16669.68,0.0237,0.0217,6.8408
CMP-723330,Aviation_Push,Awareness,APAC,214214.0,4594,111.0,2950.18,36043.01999999999,0.0214,0.0242,12.2172
CMP-977944,Studio_Refresh,Consideration,APAC,90220.0,2286,40.0,1044.51,12512.45,0.0253,0.0175,11.9793
CMP-512349,Aviation_Push,Retention,EU,221170.0,5848,130.0,2745.06,34910.02,0.0264,0.0222,12.7174
CMP-580870,Campus_Promo,Conversion,APAC,238853.0,4237,223.0,3013.90,68056.87000000001,0.0177,0.0526,22.5810
CMP-154724,Partner_Sale,Awareness,,62679.0,1516,48.0,1062.95,13395.72,0.0242,0.0317,12.6024
CMP-596446,BackToSchool,Consideration,APAC,176501.0,4688,108.0,2535.30,20972.96,0.0266,0.0230,8.2724
CMP-647689,Partner_Sale,Consideration,APAC,108136.0,2110,50.0,1358.04,15518.01,0.0195,0.0237,11.4268
CMP-977944,Studio_Refresh,Consideration,EU,161637.0,3708,110.0,2156.61,43216.16000000001,0.0229,0.0297,20.0389
CMP-390704,HomeTheater_Upgrade,Awareness,EU,248294.0,7605,238.0,3286.51,91728.48,0.0306,0.0313,27.9106
CMP-303614,Studio_Refresh,Conversion,APAC,111670.0,2435,96.0,1187.27,39528.92,0.0218,0.0394,33.2940
CMP-980673,Flash_Deal,Awareness,APAC,160807.0,3405,93.0,2230.99,45566.64,0.0212,0.0273,20.4244
CMP-857213,HomeTheater_Upgrade,Awareness,EU,293660.0,8445,308.0,3289.69,73343.20999999998,0.0288,0.0365,22.2949
CMP-963319,Partner_Sale,Conversion,APAC,141386.0,2230,100.0,2270.17,35752.88,0.0158,0.0448,15.7490
CMP-779003,Studio_Refresh,Consideration,LATAM,217801.0,4976,173.0,2713.59,51161.270000000004,0.0228,0.0348,18.8537
CMP-135156,Aviation_Push,Awareness,,207290.0,5682,125.0,2859.21,36840.21,0.0274,0.0220,12.8848
CMP-472235,Campus_Promo,Conversion,EU,141778.0,3300,258.0,2006.55,114469.13,0.0233,0.0782,57.0477
CMP-873078,PortablePA_Weekend,Conversion,,112353.0,2267,159.0,1442.22,54035.93,0.0202,0.0701,37.4672
CMP-397992,Holiday_Blast,Retention,APAC,109107.0,2192,45.0,1304.77,20929.11,0.0201,0.0205,16.0405
CMP-588715,Holiday_Blast,Consideration,LATAM,111486.0,3237,63.0,1763.01,16595.149999999998,0.0290,0.0195,9.4130
CMP-845108,Holiday_Blast,Consideration,LATAM,133149.0,4010,114.0,1699.04,19650.3,0.0301,0.0284,11.5655
CMP-963319,Partner_Sale,Conversion,LATAM,180458.0,4329,288.0,2046.01,91304.15,0.0240,0.0665,44.6255
CMP-272824,Spring_Sound,Conversion,LATAM,115577.0,2472,110.0,1496.01,41121.53,0.0214,0.0445,27.4875
CMP-504257,Spring_Sound,Retention,EU,64262.0,2180,41.0,814.47,16225.5,0.0339,0.0188,19.9215
CMP-647341,BackToSchool,Retention,LATAM,121247.0,2337,74.0,1578.60,18961.44,0.0193,0.0317,12.0116
CMP-539953,Spring_Sound,Consideration,EU,203321.0,4090,102.0,2565.06,28709.690000000002,0.0201,0.0249,11.1926
CMP-974579,Studio_Refresh,Awareness,EU,63773.0,1032,32.0,537.24,10790.61,0.0162,0.0310,20.0853
CMP-691040,Partner_Sale,Awareness,EU,163082.0,3082,100.0,1794.65,36098.22,0.0189,0.0324,20.1144
CMP-873276,BackToSchool,Retention,LATAM,128648.0,2606,59.0,1876.09,24124.37,0.0203,0.0226,12.8589
CMP-764555,PortablePA_Weekend,Conversion,,117003.0,2295,112.0,1744.59,41298.09999999999,0.0196,0.0488,23.6721
CMP-286987,Aviation_Push,Awareness,EU,148310.0,3125,92.0,2046.72,24683.730000000003,0.0211,0.0294,12.0601
CMP-992278,Flash_Deal,Awareness,APAC,71268.0,2210,68.0,1171.01,23595.510000000002,0.0310,0.0308,20.1497
CMP-319473,Holiday_Blast,Awareness,EU,277818.0,7041,236.0,3007.64,56754.91,0.0253,0.0335,18.8702
CMP-767254,Studio_Refresh,Consideration,,190293.0,4239,143.0,2215.61,51279.700000000004,0.0223,0.0337,23.1447
CMP-786927,Partner_Sale,Retention,EU,114277.0,3375,93.0,1862.70,37319.6,0.0295,0.0276,20.0352
CMP-207292,Spring_Sound,Consideration,,168427.0,4365,113.0,1823.91,36948.94,0.0259,0.0259,20.2581
CMP-277433,BackToSchool,Conversion,,186560.0,3453,116.0,3118.04,24221.46,0.0185,0.0336,7.7682
CMP-522857,Spring_Sound,Consideration,,148370.0,2799,75.0,1756.23,29822.670000000002,0.0189,0.0268,16.9811
CMP-580870,Campus_Promo,Conversion,LATAM,146015.0,4129,185.0,1399.39,48843.78,0.0283,0.0448,34.9036
CMP-745804,HomeTheater_Upgrade,Retention,EU,132383.0,2240,75.0,1503.81,22410.33,0.0169,0.0335,14.9024
CMP-866150,BackToSchool,Conversion,LATAM,107753.0,3308,194.0,1499.01,66304.78000000001,0.0307,0.0586,44.2324
CMP-776153,Aviation_Push,Awareness,EU,152288.0,3955,109.0,2166.87,29407.09,0.0260,0.0276,13.5712
CMP-448824,BackToSchool,Conversion,LATAM,62641.0,1748,60.0,923.82,13882.279999999999,0.0279,0.0343,15.0270
CMP-135156,Aviation_Push,Awareness,EU,195403.0,3787,99.0,2056.32,34609.4,0.0194,0.0261,16.8307
CMP-487484,Spring_Sound,Conversion,EU,53860.0,1489,94.0,602.56,31342.41,0.0276,0.0631,52.0154
CMP-195775,HomeTheater_Upgrade,Consideration,APAC,166632.0,5082,187.0,2054.80,48452.920000000006,0.0305,0.0368,23.5804
CMP-594601,Holiday_Blast,Consideration,EU,176268.0,7406,218.0,2806.23,76426.71,0.0420,0.0294,27.2347
CMP-420602,Aviation_Push,Awareness,APAC,200656.0,4989,146.0,1973.19,52758.4,0.0249,0.0293,26.7376
CMP-691040,Partner_Sale,Awareness,APAC,127520.0,3285,90.0,1592.48,16410.969999999998,0.0258,0.0274,10.3053
CMP-561047,BackToSchool,Retention,,82002.0,2201,86.0,776.70,27340.02,0.0268,0.0391,35.2002
CMP-715846,Spring_Sound,Awareness,,246681.0,5300,220.0,2796.51,78518.18,0.0215,0.0415,28.0772
CMP-743829,Spring_Sound,Awareness,LATAM,234924.0,6026,176.0,2879.37,71301.04999999999,0.0257,0.0292,24.7627
CMP-253607,PortablePA_Weekend,Consideration,,207807.0,3963,133.0,3089.10,51130.21,0.0191,0.0336,16.5518
CMP-326957,Studio_Refresh,Retention,,128012.0,3423,126.0,2010.51,40140.37,0.0267,0.0368,19.9653
CMP-588715,Holiday_Blast,Consideration,EU,127083.0,3287,78.0,1872.49,18585.93,0.0259,0.0237,9.9258
CMP-974579,Studio_Refresh,Awareness,LATAM,162480.0,3069,110.0,2345.92,30386.03,0.0189,0.0358,12.9527
CMP-546070,Aviation_Push,Conversion,,133117.0,3196,166.0,1803.32,50717.810000000005,0.0240,0.0519,28.1247
CMP-686986,PortablePA_Weekend,Consideration,APAC,151334.0,3363,106.0,1884.18,39535.33,0.0222,0.0315,20.9828
CMP-195775,HomeTheater_Upgrade,Consideration,EU,119768.0,2219,69.0,1773.09,25679.14,0.0185,0.0311,14.4827
CMP-305349,Studio_Refresh,Awareness,EU,260596.0,6820,194.0,3454.65,60139.39000000001,0.0262,0.0284,17.4082
CMP-324164,Partner_Sale,Conversion,,214231.0,4731,323.0,3572.06,76602.09,0.0221,0.0683,21.4448
CMP-393586,Studio_Refresh,Consideration,,136716.0,3891,124.0,1612.94,40206.48,0.0285,0.0319,24.9274
CMP-715354,Studio_Refresh,Consideration,,86262.0,1950,45.0,1361.01,20777.320000000003,0.0226,0.0231,15.2661
CMP-226080,Aviation_Push,Conversion,EU,146322.0,5428,343.0,2661.96,115914.1,0.0371,0.0632,43.5446
CMP-485115,Studio_Refresh,Conversion,LATAM,109668.0,2609,123.0,1520.34,43700.37999999999,0.0238,0.0471,28.7438
CMP-343092,Holiday_Blast,Conversion,LATAM,115485.0,2448,132.0,1428.07,34153.79,0.0212,0.0539,23.9160
CMP-324289,PortablePA_Weekend,Consideration,LATAM,150205.0,3328,135.0,2191.38,43878.329999999994,0.0222,0.0406,20.0231
CMP-791397,Studio_Refresh,Consideration,,192470.0,4308,157.0,2903.45,38619.94,0.0224,0.0364,13.3014
CMP-274185,Partner_Sale,Conversion,APAC,147165.0,2957,197.0,1987.81,76585.15000000001,0.0201,0.0666,38.5274
CMP-670512,Holiday_Blast,Awareness,,366187.0,8990,245.0,5122.51,86939.26,0.0246,0.0273,16.9720
CMP-946514,Campus_Promo,Consideration,EU,108497.0,2720,109.0,1471.16,49294.1,0.0251,0.0401,33.5070
CMP-983101,BackToSchool,Consideration,LATAM,111985.0,2453,66.0,2320.63,14118.03,0.0219,0.0269,6.0837
CMP-597526,Studio_Refresh,Awareness,,127981.0,2892,95.0,1595.40,43725.83,0.0226,0.0328,27.4074
CMP-687712,Aviation_Push,Conversion,EU,99109.0,3154,147.0,1215.23,46912.99,0.0318,0.0466,38.6042
CMP-181566,Campus_Promo,Consideration,APAC,190054.0,3927,118.0,2520.13,23366.92,0.0207,0.0300,9.2721
CMP-387492,Partner_Sale,Consideration,EU,148661.0,2021,55.0,2180.84,22369.42,0.0136,0.0272,10.2572
CMP-343092,Holiday_Blast,Conversion,,122503.0,2650,160.0,1692.56,61204.389999999985,0.0216,0.0604,36.1608
CMP-202210,Flash_Deal,Consideration,APAC,176653.0,4165,125.0,2068.00,39338.44000000001,0.0236,0.0300,19.0225
CMP-909478,Partner_Sale,Awareness,LATAM,184029.0,5335,138.0,2441.80,35204.82,0.0290,0.0259,14.4176
CMP-186847,Campus_Promo,Consideration,EU,201168.0,3685,117.0,1858.30,32465.72,0.0183,0.0318,17.4707
CMP-238043,Studio_Refresh,Conversion,EU,172141.0,2336,132.0,2160.29,52184.9,0.0136,0.0565,24.1564
CMP-561047,BackToSchool,Retention,EU,96074.0,2495,89.0,1170.08,37828.170000000006,0.0260,0.0357,32.3296
CMP-627217,Holiday_Blast,Retention,APAC,123461.0,3094,94.0,2175.81,31373.409999999996,0.0251,0.0304,14.4192
CMP-387918,Partner_Sale,Conversion,APAC,98038.0,2546,136.0,1007.30,46494.18000000001,0.0260,0.0534,46.1572
CMP-362709,HomeTheater_Upgrade,Consideration,,94710.0,4095,70.0,1714.73,22955.769999999997,0.0432,0.0171,13.3874
CMP-431853,Studio_Refresh,Consideration,LATAM,255936.0,6894,194.0,3295.11,58438.83,0.0269,0.0281,17.7350
CMP-160006,PortablePA_Weekend,Conversion,EU,108931.0,2415,120.0,1183.89,39798.16,0.0222,0.0497,33.6164
CMP-744794,BackToSchool,Awareness,APAC,228426.0,6923,212.0,3145.52,74663.17,0.0303,0.0306,23.7364
CMP-764555,PortablePA_Weekend,Conversion,EU,93958.0,1489,98.0,1372.39,27687.480000000003,0.0158,0.0658,20.1746
CMP-277433,BackToSchool,Conversion,LATAM,182573.0,4784,230.0,2383.91,77443.4,0.0262,0.0481,32.4859
CMP-202210,Flash_Deal,Consideration,,178610.0,3018,73.0,2868.19,29141.42,0.0169,0.0242,10.1602
CMP-117484,Studio_Refresh,Awareness,EU,135797.0,3824,147.0,1509.60,58176.94999999999,0.0282,0.0384,38.5380
CMP-285501,Studio_Refresh,Awareness,LATAM,176047.0,5024,181.0,2473.63,55925.39,0.0285,0.0360,22.6086
CMP-779003,Studio_Refresh,Consideration,APAC,134385.0,2670,72.0,1642.63,25625.620000000003,0.0199,0.0270,15.6004
CMP-462798,BackToSchool,Awareness,,198560.0,4699,157.0,2784.34,45844.47,0.0237,0.0334,16.4651
CMP-989433,BackToSchool,Conversion,LATAM,146140.0,2889,70.0,1412.75,25376.089999999997,0.0198,0.0242,17.9622
CMP-791397,Studio_Refresh,Consideration,LATAM,47150.0,1733,70.0,933.05,26020.4,0.0368,0.0404,27.8875
CMP-286659,PortablePA_Weekend,Consideration,EU,113720.0,2677,72.0,1826.07,28060.320000000003,0.0235,0.0269,15.3665
CMP-601989,PortablePA_Weekend,Consideration,EU,161391.0,4038,60.0,2566.92,20936.18,0.0250,0.0149,8.1561
CMP-804633,Flash_Deal,Conversion,EU,140859.0,3845,193.0,1669.06,67398.37,0.0273,0.0502,40.3810
CMP-863878,BackToSchool,Awareness,APAC,176267.0,3576,70.0,1962.63,53622.48999999999,0.0203,0.0196,27.3218
CMP-431853,Studio_Refresh,Consideration,EU,235071.0,4691,183.0,3180.58,63486.42999999999,0.0200,0.0390,19.9606
CMP-484047,Spring_Sound,Awareness,APAC,149567.0,4082,97.0,1728.93,27244.47,0.0273,0.0238,15.7580
CMP-755643,Partner_Sale,Awareness,EU,229273.0,5665,155.0,1789.75,66756.51,0.0247,0.0274,37.2993
CMP-447115,Flash_Deal,Consideration,,189989.0,6382,207.0,2781.68,78984.04999999999,0.0336,0.0324,28.3944
CMP-243628,Studio_Refresh,Conversion,EU,81008.0,1547,106.0,990.42,28097.84,0.0191,0.0685,28.3696
CMP-720935,Studio_Refresh,Awareness,,241335.0,4138,126.0,2915.59,32875.96,0.0171,0.0304,11.2759
CMP-154724,Partner_Sale,Awareness,APAC,234310.0,5613,141.0,2793.17,50941.369999999995,0.0240,0.0251,18.2378
CMP-786927,Partner_Sale,Retention,LATAM,88345.0,1321,30.0,1114.04,8742.07,0.0150,0.0227,7.8472
CMP-762951,Holiday_Blast,Consideration,EU,126575.0,4745,91.0,2402.47,32429.96,0.0375,0.0192,13.4986
CMP-593679,BackToSchool,Conversion,LATAM,154536.0,3171,193.0,1792.65,55946.51000000001,0.0205,0.0609,31.2088
CMP-140048,Studio_Refresh,Conversion,LATAM,152460.0,4296,249.0,1957.80,92384.58,0.0282,0.0580,47.1880
CMP-764555,PortablePA_Weekend,Conversion,LATAM,93972.0,2569,132.0,1339.91,35126.41,0.0273,0.0514,26.2155
CMP-105887,Holiday_Blast,Conversion,,112742.0,3567,118.0,1358.71,37035.49,0.0316,0.0331,27.2578
CMP-111190,PortablePA_Weekend,Conversion,LATAM,90502.0,2741,169.0,1447.16,66426.88,0.0303,0.0617,45.9015
CMP-802586,HomeTheater_Upgrade,Retention,EU,53080.0,884,27.0,742.34,5341.68,0.0167,0.0305,7.1957
CMP-114815,PortablePA_Weekend,Conversion,APAC,186861.0,4460,237.0,2141.41,83943.2,0.0239,0.0531,39.2000
CMP-486785,Spring_Sound,Conversion,EU,118779.0,3013,143.0,1636.49,47708.79,0.0254,0.0475,29.1531
CMP-337009,Partner_Sale,Retention,EU,91725.0,1916,73.0,984.92,26552.22,0.0209,0.0381,26.9588
CMP-522857,Spring_Sound,Consideration,LATAM,121663.0,3598,131.0,1334.81,34802.479999999996,0.0296,0.0364,26.0730
CMP-272824,Spring_Sound,Conversion,APAC,122602.0,4161,231.0,1575.49,82690.7,0.0339,0.0555,52.4857
CMP-986888,Spring_Sound,Consideration,EU,118753.0,3648,134.0,1774.40,55920.16000000001,0.0307,0.0367,31.5150
CMP-397992,Holiday_Blast,Retention,EU,114086.0,2514,56.0,1361.11,18755.11,0.0220,0.0223,13.7793
CMP-804633,Flash_Deal,Conversion,LATAM,99842.0,1875,109.0,1048.67,24732.079999999998,0.0188,0.0581,23.5842
CMP-866150,BackToSchool,Conversion,EU,129987.0,2915,99.0,1065.09,19432.010000000002,0.0224,0.0340,18.2445
CMP-312429,Campus_Promo,Consideration,EU,188669.0,5682,198.0,2365.75,51592.950000000004,0.0301,0.0348,21.8083
CMP-863878,BackToSchool,Awareness,EU,269148.0,7389,200.0,2747.38,75848.82,0.0275,0.0271,27.6077
CMP-111190,PortablePA_Weekend,Conversion,APAC,229480.0,7306,477.0,3227.66,154649.88,0.0318,0.0653,47.9139
CMP-352468,HomeTheater_Upgrade,Conversion,LATAM,183242.0,5489,253.0,2149.56,95821.25000000001,0.0300,0.0461,44.5771
CMP-667297,Studio_Refresh,Conversion,,176672.0,4228,310.0,2395.36,102886.59,0.0239,0.0733,42.9525
CMP-686317,Partner_Sale,Conversion,,132073.0,4552,236.0,1905.90,72508.83,0.0345,0.0518,38.0444
CMP-624681,Partner_Sale,Conversion,EU,185451.0,5786,377.0,1548.01,138358.34,0.0312,0.0652,89.3782
CMP-165352,Aviation_Push,Consideration,,145930.0,2997,62.0,2020.23,18453.03,0.0205,0.0207,9.1341
CMP-301998,Aviation_Push,Conversion,EU,104482.0,2720,141.0,1606.26,55101.82,0.0260,0.0518,34.3044
CMP-324289,PortablePA_Weekend,Consideration,APAC,158274.0,4688,119.0,1690.98,39665.2,0.0296,0.0254,23.4569
CMP-478526,Studio_Refresh,Awareness,,195959.0,6189,152.0,2181.42,46471.3,0.0316,0.0246,21.3032
CMP-140048,Studio_Refresh,Conversion,EU,100651.0,2495,91.0,1310.62,33159.05,0.0248,0.0365,25.3003
CMP-504257,Spring_Sound,Retention,LATAM,163160.0,3443,67.0,2261.76,18394.13,0.0211,0.0195,8.1327
CMP-259825,Flash_Deal,Conversion,LATAM,173807.0,3091,124.0,2337.37,41233.6,0.0178,0.0401,17.6410
CMP-105887,Holiday_Blast,Conversion,APAC,146433.0,2933,118.0,2089.44,35228.26,0.0200,0.0402,16.8601
CMP-746944,Spring_Sound,Conversion,,159480.0,4003,258.0,2473.72,100830.31999999999,0.0251,0.0645,40.7606
CMP-198679,Spring_Sound,Conversion,APAC,87885.0,1828,122.0,1310.13,29520.38,0.0208,0.0667,22.5324
CMP-391228,HomeTheater_Upgrade,Conversion,EU,115759.0,3147,135.0,1486.47,49657.159999999996,0.0272,0.0429,33.4061
CMP-304355,Flash_Deal,Conversion,,117118.0,3196,139.0,1261.80,54942.27999999999,0.0273,0.0435,43.5428
CMP-164076,Spring_Sound,Consideration,,121161.0,2492,82.0,1564.01,34181.600000000006,0.0206,0.0329,21.8551
CMP-721427,Partner_Sale,Consideration,LATAM,113517.0,2945,119.0,1427.56,45515.009999999995,0.0259,0.0404,31.8831
CMP-487484,Spring_Sound,Conversion,APAC,134690.0,3928,251.0,1811.29,103531.00000000003,0.0292,0.0639,57.1587
CMP-598560,Aviation_Push,Conversion,LATAM,141153.0,3541,198.0,1119.53,57982.05000000001,0.0251,0.0559,51.7914
CMP-253607,PortablePA_Weekend,Consideration,EU,193017.0,3704,86.0,2241.69,21462.960000000003,0.0192,0.0232,9.5745
CMP-274185,Partner_Sale,Conversion,,153590.0,3362,150.0,2477.86,34797.27999999999,0.0219,0.0446,14.0433
CMP-366086,Campus_Promo,Conversion,APAC,119644.0,2882,98.0,1851.74,42301.74,0.0241,0.0340,22.8443
CMP-772844,PortablePA_Weekend,Retention,,115831.0,2150,80.0,1396.37,26867.47,0.0186,0.0372,19.2409
CMP-909478,Partner_Sale,Awareness,EU,173053.0,5079,149.0,1994.01,51037.47,0.0293,0.0293,25.5954
CMP-388307,Campus_Promo,Awareness,APAC,147224.0,3512,104.0,2008.48,31811.99,0.0239,0.0296,15.8388
CMP-544677,PortablePA_Weekend,Awareness,,218112.0,4066,95.0,2568.61,33974.45,0.0186,0.0234,13.2268
CMP-131904,Holiday_Blast,Conversion,APAC,134548.0,3200,188.0,1687.17,42586.69,0.0238,0.0588,25.2415
CMP-319473,Holiday_Blast,Awareness,LATAM,158609.0,4258,134.0,1700.26,54426.78999999999,0.0268,0.0315,32.0109
CMP-921417,PortablePA_Weekend,Awareness,LATAM,112383.0,2104,63.0,1479.94,21926.800000000003,0.0187,0.0299,14.8160
CMP-465093,Campus_Promo,Consideration,LATAM,278730.0,5738,198.0,3859.72,61127.83,0.0206,0.0345,15.8374
CMP-685005,HomeTheater_Upgrade,Retention,APAC,92741.0,1612,55.0,1349.04,16352.16,0.0174,0.0341,12.1213
CMP-828864,Partner_Sale,Conversion,APAC,194298.0,3975,229.0,2830.57,75013.20999999999,0.0205,0.0576,26.5011
CMP-744794,BackToSchool,Awareness,LATAM,238763.0,5085,107.0,3105.25,29925.059999999998,0.0213,0.0210,9.6369
CMP-886364,Aviation_Push,Retention,EU,110010.0,2978,78.0,1310.36,27463.45,0.0271,0.0262,20.9587
CMP-563555,Partner_Sale,Awareness,APAC,231343.0,6128,145.0,2981.29,65236.9,0.0265,0.0237,21.8821
CMP-672089,Spring_Sound,Conversion,EU,82436.0,1670,103.0,1431.30,27874.800000000003,0.0203,0.0617,19.4752
CMP-688368,Studio_Refresh,Awareness,LATAM,171054.0,4413,127.0,2028.17,23360.21,0.0258,0.0288,11.5179
CMP-614117,PortablePA_Weekend,Consideration,LATAM,188225.0,2919,85.0,1851.23,29643.01,0.0155,0.0291,16.0126
CMP-226080,Aviation_Push,Conversion,APAC,177842.0,3148,160.0,1792.27,45495.9,0.0177,0.0508,25.3845
CMP-160006,PortablePA_Weekend,Conversion,LATAM,138246.0,4020,210.0,2055.85,52173.549999999996,0.0291,0.0522,25.3781
CMP-426905,Flash_Deal,Conversion,LATAM,132969.0,2954,165.0,1863.75,47057.59,0.0222,0.0559,25.2489
CMP-232858,BackToSchool,Retention,EU,140232.0,3837,94.0,2036.46,35569.54,0.0274,0.0245,17.4664
CMP-772844,PortablePA_Weekend,Retention,LATAM,90300.0,1624,27.0,1379.19,12337.66,0.0180,0.0166,8.9456
CMP-259825,Flash_Deal,Conversion,,105958.0,2158,139.0,1314.39,39240.69,0.0204,0.0644,29.8547
CMP-873276,BackToSchool,Retention,,92585.0,2439,77.0,1307.29,21699.179999999997,0.0263,0.0316,16.5986
CMP-754836,PortablePA_Weekend,Conversion,EU,102610.0,2229,170.0,1228.34,55688.93,0.0217,0.0763,45.3367
CMP-259825,Flash_Deal,Conversion,EU,111162.0,2680,78.0,1478.68,34987.53,0.0241,0.0291,23.6613
CMP-397992,Holiday_Blast,Retention,,126326.0,3797,107.0,1634.00,43928.37,0.0301,0.0282,26.8839
CMP-580870,Campus_Promo,Conversion,,134782.0,3169,173.0,1833.03,40554.85,0.0235,0.0546,22.1245
CMP-857213,HomeTheater_Upgrade,Awareness,APAC,160593.0,3220,91.0,1744.27,31350.68,0.0201,0.0283,17.9735
CMP-522857,Spring_Sound,Consideration,EU,257966.0,6342,190.0,3219.10,87283.72,0.0246,0.0300,27.1143
CMP-467476,Campus_Promo,Conversion,LATAM,197390.0,5524,275.0,3293.60,98824.61000000002,0.0280,0.0498,30.0050
CMP-720935,Studio_Refresh,Awareness,EU,101957.0,2164,61.0,1451.69,21180.28,0.0212,0.0282,14.5901
CMP-863878,BackToSchool,Awareness,LATAM,210238.0,6644,150.0,2282.07,46425.979999999996,0.0316,0.0226,20.3438
CMP-546867,PortablePA_Weekend,Consideration,,254407.0,6318,168.0,2618.92,58698.700000000004,0.0248,0.0266,22.4133
CMP-442978,Partner_Sale,Conversion,LATAM,202642.0,4117,195.0,2765.25,73305.74999999999,0.0203,0.0474,26.5096
CMP-896925,PortablePA_Weekend,Awareness,EU,267715.0,6173,140.0,3663.75,51409.909999999996,0.0231,0.0227,14.0320
CMP-768444,Flash_Deal,Consideration,LATAM,136931.0,2908,97.0,1606.24,32193.310000000005,0.0212,0.0334,20.0427
CMP-362709,HomeTheater_Upgrade,Consideration,EU,134670.0,3361,77.0,2008.87,27181.81,0.0250,0.0229,13.5309
CMP-198679,Spring_Sound,Conversion,EU,53774.0,978,66.0,575.04,24461.579999999998,0.0182,0.0675,42.5389
CMP-663852,Holiday_Blast,Conversion,APAC,198322.0,5449,261.0,2129.16,74860.39,0.0275,0.0479,35.1596
CMP-993990,HomeTheater_Upgrade,Awareness,LATAM,319987.0,8551,203.0,3382.61,53079.46,0.0267,0.0237,15.6919
CMP-818660,PortablePA_Weekend,Consideration,LATAM,238340.0,7106,226.0,2423.29,64358.18,0.0298,0.0318,26.5582
CMP-105887,Holiday_Blast,Conversion,EU,162413.0,4168,221.0,2318.05,82469.84000000001,0.0257,0.0530,35.5772
CMP-250295,Partner_Sale,Awareness,EU,167717.0,4452,143.0,1875.25,40869.670000000006,0.0265,0.0321,21.7943
CMP-804633,Flash_Deal,Conversion,APAC,179249.0,5001,263.0,2456.98,63772.84,0.0279,0.0526,25.9558
CMP-146050,BackToSchool,Consideration,APAC,103813.0,3090,108.0,1561.72,41035.630000000005,0.0298,0.0350,26.2759
CMP-663852,Holiday_Blast,Conversion,LATAM,201780.0,4219,306.0,2570.04,62637.049999999996,0.0209,0.0725,24.3720
CMP-558482,Campus_Promo,Consideration,LATAM,94342.0,1492,62.0,1073.85,16364.42,0.0158,0.0416,15.2390
CMP-960623,Aviation_Push,Awareness,EU,155984.0,2953,62.0,1211.40,22621.390000000003,0.0189,0.0210,18.6738
CMP-207978,Flash_Deal,Consideration,LATAM,202736.0,6383,168.0,2769.67,65897.42,0.0315,0.0263,23.7925
CMP-685005,HomeTheater_Upgrade,Retention,EU,109485.0,2370,63.0,1352.08,24570.73,0.0216,0.0266,18.1725
CMP-501035,BackToSchool,Conversion,APAC,167228.0,4291,246.0,1859.60,83879.45,0.0257,0.0573,45.1062
CMP-688368,Studio_Refresh,Awareness,,183019.0,4850,173.0,3614.93,53126.229999999996,0.0265,0.0357,14.6963
CMP-636561,Campus_Promo,Conversion,LATAM,144149.0,3721,142.0,1953.72,24654.97,0.0258,0.0382,12.6195
CMP-647341,BackToSchool,Retention,,143819.0,3440,100.0,2222.63,40083.71,0.0239,0.0291,18.0344
CMP-688368,Studio_Refresh,Awareness,EU,257249.0,6267,218.0,3224.90,79650.60999999999,0.0244,0.0348,24.6986
CMP-839916,Aviation_Push,Retention,,142475.0,3956,122.0,1518.91,49879.37999999999,0.0278,0.0308,32.8389
CMP-558482,Campus_Promo,Consideration,EU,115169.0,3568,90.0,1122.49,30637.93,0.0310,0.0252,27.2946
CMP-465093,Campus_Promo,Consideration,,112648.0,2876,52.0,1234.75,26538.64,0.0255,0.0181,21.4931
CMP-627217,Holiday_Blast,Retention,EU,147882.0,3211,121.0,1699.32,41232.75999999999,0.0217,0.0377,24.2643
CMP-762951,Holiday_Blast,Consideration,APAC,263306.0,7394,238.0,3579.97,80990.68999999999,0.0281,0.0322,22.6233
CMP-140048,Studio_Refresh,Conversion,APAC,171784.0,4114,188.0,1769.39,55407.950000000004,0.0239,0.0457,31.3147
CMP-365329,Spring_Sound,Consideration,LATAM,313464.0,9711,304.0,3988.75,116193.19000000002,0.0310,0.0313,29.1302
CMP-439044,Spring_Sound,Retention,EU,176963.0,3306,123.0,1778.85,29119.37,0.0187,0.0372,16.3698
CMP-999563,Studio_Refresh,Conversion,,121567.0,3184,168.0,1821.77,55886.62,0.0262,0.0528,30.6771
CMP-685005,HomeTheater_Upgrade,Retention,LATAM,156531.0,3718,68.0,2420.89,21006.95,0.0238,0.0183,8.6774
CMP-800969,Flash_Deal,Retention,,106986.0,3531,65.0,1250.25,16437.879999999997,0.0330,0.0184,13.1477
CMP-783768,Flash_Deal,Conversion,APAC,198848.0,3440,149.0,2977.42,49043.43000000001,0.0173,0.0433,16.4718
CMP-301998,Aviation_Push,Conversion,,128971.0,3192,127.0,1561.34,52728.80999999999,0.0247,0.0398,33.7715
CMP-425468,Aviation_Push,Conversion,LATAM,106596.0,2692,158.0,1307.56,59761.06,0.0253,0.0587,45.7043
CMP-686986,PortablePA_Weekend,Consideration,EU,116046.0,2870,85.0,1519.29,12745.69,0.0247,0.0296,8.3892
CMP-287700,Campus_Promo,Retention,,118801.0,2105,46.0,1420.84,17192.07,0.0177,0.0219,12.0999
CMP-462798,BackToSchool,Awareness,EU,219169.0,3766,88.0,3574.92,23848.33,0.0172,0.0234,6.6710
CMP-963319,Partner_Sale,Conversion,,129538.0,3130,194.0,1523.49,63475.11,0.0242,0.0620,41.6643
CMP-974098,Flash_Deal,Awareness,EU,249630.0,6038,152.0,2195.40,46645.89,0.0242,0.0252,21.2471
