forecast_id,month,region,product_type,forecast_units,actual_units,forecast_version
FC-90231880,2025-09,NA,Headphones,9241,9147,final
FC-39511681,2025-01,NA,Earbuds,19157,15916,v3
FC-69887609,2025/03,APAC,Headphones,19572,19422,v1
FC-51747494,2025-05,NA,Portable PA,11845,12588,v3
FC-71506308,2024/01,EU,Headphones,10330,9377,v2
FC-59755921,2025-03,LATAM,Headphones,13474,12283,v1
FC-69162253,2025-03,APAC,Headphones,11400,12779,v1
FC-10557413,2025-03,LATAM,Headphones,8332,7449,v1
FC-14665360,2025-03,LATAM,Speakers,13325,13021,v2
FC-31162395,2025-04,EU,Portable PA,11225,13164,v2
FC-79778640,2024-08,APAC,Speakers,11610,9665,v3
FC-48348999,2024/09,LATAM,Portable PA,16547,17741,final
FC-97769788,2025/08,NA,Speakers,7865,9000,v2
FC-74992054,2024-06,APAC,Earbuds,13438,11372,v3
FC-61493961,2025-08,NA,Headphones,17644,19437,v2
FC-98827620,2025-01,NA,Portable PA,10107,9960,v3
FC-50361752,2025-09,NA,Aviation Headsets,7756,8912,final
FC-36165060,2024-01,NA,Home Theater,17402,13749,
FC-69311458,2024-01,APAC,Speakers,3800,4324,final
FC-96391535,2024-09,APAC,Aviation Headsets,15011,14591,v2
FC-66778506,2024-11,APAC,Speakers,19030,19338,v3
FC-28991311,2024-08,NA,Aviation Headsets,10415,9104,final
FC-29825510,2025-08,LATAM,Headphones,15302,17032,final
FC-50280273,2024-03,APAC,Portable PA,9991,9454,v2
FC-47461368,2024-04,EU,Headphones,15855,13010,final
FC-37797283,2025-10,NA,Portable PA,3682,4053,v2
FC-58571622,2025-04,NA,Earbuds,14793,13407,final
FC-11536474,2024-04,EU,Headphones,9155,10030,v1
FC-22818994,2025-03,NA,Headphones,12062,13312,
FC-84854243,2024/12,EU,Home Theater,16115,17917,v2
FC-43869458,2024-05,LATAM,Earbuds,8801,8047,v3
FC-21534093,2024-05,EU,Aviation Headsets,17736,16524,v3
FC-72786119,2025-04,LATAM,Speakers,12065,12794,v2
FC-72549801,2024-01,APAC,Portable PA,18266,18994,v1
FC-46511480,2025-09,EU,Portable PA,13229,13054,v1
FC-71209636,2025-10,NA,Speakers,12087,13236,final
FC-84642557,2024-09,EU,Earbuds,10882,9426,v3
FC-23165230,2024/08,NA,Headphones,16532,19068,v1
FC-89532127,2025-01,LATAM,Home Theater,11179,11337,v1
FC-44707057,2024-12,LATAM,Portable PA,17297,15935,v2
FC-76233616,2025-12,EU,Portable PA,15301,13615,v1
FC-76177402,2025-02,EU,Portable PA,10947,9932,final
FC-17232756,2025-02,EU,Speakers,9439,9140,v3
FC-69909960,2025-01,LATAM,Aviation Headsets,12538,12940,
FC-92006590,2025-02,EU,Portable PA,8227,8314,
FC-17697593,2024-10,LATAM,Speakers,13104,12199,v3
FC-89106801,2025-01,NA,Speakers,9898,10781,v3
FC-53622358,2024-02,LATAM,Aviation Headsets,18525,18446,final
FC-59921910,2025-06,LATAM,Home Theater,8404,8260,v2
FC-25547956,2025-06,LATAM,Speakers,12055,10376,v3
FC-89804090,2025-05,LATAM,Home Theater,12352,13159,v3
FC-52572410,2024-01,NA,Aviation Headsets,6803,6545,v3
FC-13808702,2025-11,NA,Home Theater,16776,,final
FC-82437297,2025-11,LATAM,Portable PA,14858,,v2
FC-74203041,2024-10,LATAM,Earbuds,13809,14365,final
FC-99970671,2024-10,NA,Home Theater,16060,19486,v3
FC-93886261,2025-01,LATAM,Speakers,15070,14318,v2
FC-37610707,2024-08,APAC,Speakers,6078,5643,final
FC-18510591,2024-04,NA,Speakers,7592,7836,v1
FC-16963928,2025-12,NA,Speakers,10208,,final
FC-43245615,2025-01,EU,Speakers,12696,13320,final
FC-46607037,2025/11,LATAM,Portable PA,9437,,v1
FC-91764997,2025-04,LATAM,Speakers,10807,12218,v3
FC-68319852,2024-04,LATAM,Aviation Headsets,14508,16445,v1
FC-55306727,2025-10,APAC,Home Theater,14023,10872,v2
FC-54173390,2025-09,APAC,Aviation Headsets,10952,10540,final
FC-54423278,2024-07,LATAM,Home Theater,9387,9619,v2
FC-67476220,2025-10,NA,Speakers,8789,8428,v3
FC-15611625,2025-12,LATAM,Earbuds,16797,19551,
FC-33030431,2024/03,NA,Home Theater,13331,14610,final
FC-27306602,2024-06,EU,Headphones,20940,21583,final
FC-43167759,2025-10,LATAM,Headphones,13102,11075,v2
FC-48142968,2025-04,NA,Speakers,9281,9650,v3
FC-22352666,2024-08,NA,Home Theater,12038,13811,v3
FC-15906681,2024-10,APAC,Speakers,11688,9717,v3
FC-81085405,2025-02,APAC,Aviation Headsets,17212,16031,final
FC-41466702,2024-06,LATAM,Speakers,9719,9513,v3
FC-29777778,2024-07,APAC,Earbuds,11990,10454,v1
FC-76460521,2025-12,NA,Headphones,11981,,v3
FC-16244090,2024/05,LATAM,Portable PA,7461,6671,final
FC-61731652,2024/12,APAC,Earbuds,15720,15711,final
FC-45613554,2025-11,EU,Headphones,10029,8829,v2
FC-13270506,2024-09,NA,Speakers,9161,7864,final
FC-45143783,2024/06,EU,Speakers,13672,15731,final
FC-26269988,2024-05,LATAM,Home Theater,8888,7754,v3
FC-39515930,2025-02,EU,Home Theater,6784,6225,v2
FC-92730697,2024-06,LATAM,Portable PA,11252,11214,v1
FC-10904323,2025-11,LATAM,Home Theater,13716,,
FC-98238851,2024-07,NA,Aviation Headsets,7143,8094,v2
FC-70685101,2025-05,EU,Home Theater,13185,10051,final
FC-58665330,2024-02,EU,Home Theater,5444,6702,v3
FC-99250630,2025-03,NA,Home Theater,10037,8161,v3
FC-83091415,2025-04,LATAM,Home Theater,12817,14993,v1
FC-26909195,2024-01,NA,Headphones,9529,8319,final
FC-73371922,2024-09,APAC,Speakers,15765,16709,v3
FC-24583914,2024-05,APAC,Earbuds,7417,8519,final
FC-33757008,2025-07,LATAM,Headphones,20607,17858,final
FC-90504146,2025-08,LATAM,Aviation Headsets,9301,10369,v3
FC-45694495,2024-01,APAC,Headphones,11502,9460,v3
FC-60864675,2024-11,APAC,Home Theater,9816,8254,v2
FC-33362425,2025-07,APAC,Aviation Headsets,21749,18559,v3
FC-74949163,2024-07,EU,Portable PA,17624,18963,v1
FC-59703149,2025-11,APAC,Portable PA,4695,4344,v1
FC-45102184,2025-04,NA,Portable PA,9238,11346,v3
FC-97097292,2025-02,EU,Aviation Headsets,1649,1699,v2
FC-95156583,2025-07,LATAM,Portable PA,18166,19270,v1
FC-72708248,2024-04,EU,Speakers,14071,14723,v2
FC-85437617,2024-01,LATAM,Headphones,9799,9110,final
FC-37840090,2024-04,NA,Aviation Headsets,6544,7140,v3
FC-14384277,2024-10,NA,Portable PA,9849,11232,v3
FC-43670975,2025-06,EU,Aviation Headsets,16354,16449,v2
FC-55331747,2025-03,LATAM,Earbuds,16095,13905,final
FC-64907719,2024-07,NA,Earbuds,8040,7247,v1
FC-71419785,2024-08,EU,Earbuds,10397,12237,v3
FC-81373471,2025-02,APAC,Speakers,17193,18347,v1
FC-76584987,2025-12,EU,Home Theater,11053,,final
FC-38663507,2024-07,APAC,Speakers,4580,4441,final
FC-51401483,2025-12,NA,Earbuds,13997,13324,final
FC-47980278,2025-10,APAC,Headphones,11445,9657,v2
FC-34594921,2025-03,EU,Headphones,10161,10671,v3
FC-71747184,2025-05,LATAM,Earbuds,6657,7753,v3
FC-21913234,2024-09,APAC,Earbuds,10388,9534,v2
FC-59926922,2025-07,NA,Speakers,9894,8775,v2
FC-55504132,2024-06,NA,Home Theater,15836,12754,final
FC-12659375,2025-12,NA,Speakers,4032,,v2
FC-12157759,2025-02,NA,Earbuds,9447,8901,v3
FC-97222928,2025-03,EU,Earbuds,16083,18591,v2
FC-78634941,2025-12,APAC,Earbuds,12013,,v1
FC-96044476,2024-08,NA,Portable PA,9760,11705,v3
FC-86187215,2025/02,APAC,Aviation Headsets,13657,12041,v2
FC-75977352,2024-07,LATAM,Speakers,14043,13457,v1
FC-66883083,2024-03,APAC,Home Theater,13418,16419,final
FC-52683515,2025-04,NA,Home Theater,9422,10969,final
FC-89241607,2025-08,NA,Home Theater,15444,15514,v1
FC-19787874,2024-12,NA,Speakers,14525,12020,final
FC-99663970,2024-04,EU,Portable PA,19420,18369,v3
FC-46317883,2025-08,NA,Earbuds,11789,13608,v1
FC-59401887,2024-03,NA,Speakers,14062,11553,final
FC-33824320,2025-11,EU,Aviation Headsets,13997,,final
FC-65913008,2024-01,EU,Portable PA,11950,13777,v1
FC-44998525,2024-09,APAC,Portable PA,6036,6412,v3
FC-95533575,2024/01,LATAM,Portable PA,7591,6138,
FC-16184765,2025-10,LATAM,Speakers,5997,6763,v2
FC-39837454,2025-01,APAC,Aviation Headsets,11048,12919,v3
FC-72792598,2024-10,LATAM,Earbuds,10466,10929,v3
FC-73608536,2024-03,NA,Home Theater,16226,17716,v2
FC-29537520,2025-06,NA,Earbuds,9454,10035,v2
FC-92065163,2025-12,APAC,Earbuds,7047,7554,v2
FC-91170867,2025-04,LATAM,Headphones,9633,10350,final
FC-78902799,2025-09,LATAM,Home Theater,7569,7940,v2
FC-60835741,2025-05,LATAM,Headphones,20056,17804,final
FC-84488817,2025-02,LATAM,Speakers,9801,8204,v1
FC-70370831,2025-11,LATAM,Earbuds,8142,,final
FC-89070149,2024-05,EU,Earbuds,13011,11139,v3
FC-30878276,2025-03,APAC,Portable PA,10636,12538,final
FC-42087316,2025-01,EU,Portable PA,10553,10554,v3
FC-40358841,2025-11,LATAM,Portable PA,15593,,final
FC-62596933,2025-03,EU,Aviation Headsets,8465,8456,v2
FC-22464668,2024-03,APAC,Headphones,15130,17161,final
FC-22842098,2025-07,LATAM,Aviation Headsets,21576,20923,v1
FC-92389426,2024-03,NA,Speakers,18878,20255,v3
FC-62638197,2024-04,EU,Earbuds,8342,9132,v1
FC-61985093,2024-02,APAC,Earbuds,7132,6752,v1
FC-30827272,2024-08,NA,Home Theater,10629,11110,final
FC-35612542,2025-09,EU,Speakers,6589,5404,v2
FC-58028305,2024-10,NA,Headphones,15095,16652,v2
FC-42865973,2025-06,LATAM,Home Theater,10592,10384,v2
FC-31744196,2025-11,EU,Home Theater,13927,11418,final
FC-24056178,2024-06,APAC,Speakers,17765,17849,v3
FC-78785535,2024-07,LATAM,Earbuds,14281,15901,v3
FC-93159351,2024-05,LATAM,Headphones,12065,12493,final
FC-45254876,2025-05,EU,Speakers,10019,11239,v2
FC-36936958,2024-06,EU,Home Theater,3147,3365,final
FC-96522768,2024-04,NA,Speakers,18047,21093,v3
FC-83114789,2025-06,NA,Earbuds,9746,11152,v2
FC-37262011,2024/02,LATAM,Earbuds,12378,12603,v2
FC-39444713,2024-08,EU,Speakers,18133,17066,v3
FC-78777256,2025-07,LATAM,Portable PA,1246,1499,v3
FC-28881869,2025-04,APAC,Headphones,4316,4480,v3
FC-88369697,2025-07,APAC,Home Theater,4306,4590,v2
FC-80960740,2025-04,EU,Home Theater,12861,12265,v1
FC-96034295,2025-10,APAC,Portable PA,11923,13742,v3
FC-44559076,2024-03,APAC,Portable PA,11730,9750,v1
FC-55320894,2024-11,APAC,Headphones,8763,9327,v3
FC-65007413,2024-12,LATAM,Earbuds,9641,9779,final
FC-47807535,2025-04,EU,Home Theater,9971,9820,final
FC-16584786,2024-03,APAC,Home Theater,8677,9260,v2
FC-92279917,2025-09,LATAM,Headphones,17680,18567,v1
FC-18286430,2024-07,APAC,Headphones,7678,7867,v2
FC-22944987,2025-04,APAC,Home Theater,12505,12755,v1
FC-83856348,2025-05,LATAM,Headphones,4074,4419,v3
FC-12657149,2025-06,LATAM,Home Theater,11763,11234,v3
FC-94832155,2024-10,EU,Portable PA,4844,4127,v2
FC-82766327,2024-09,EU,Speakers,7405,7815,v3
FC-33657078,2024-08,LATAM,Aviation Headsets,5191,5713,v2
FC-33317220,2025-01,APAC,Portable PA,4330,5313,v3
FC-23365863,2024-09,EU,Home Theater,7864,7285,final
FC-73572364,2025-08,EU,Home Theater,9754,8023,v3
FC-48179935,2024-12,LATAM,Home Theater,17252,14946,
FC-86213212,2024-07,APAC,Earbuds,16392,17413,v1
FC-33706459,2025-09,LATAM,Portable PA,17359,18858,v3
FC-72261502,2024-12,APAC,Speakers,14197,11948,final
FC-68457680,2025-11,EU,Speakers,14989,17305,v2
FC-92209030,2025-05,NA,Aviation Headsets,10460,9520,v3
FC-10234872,2025-09,EU,Speakers,13911,11786,v2
FC-40016578,2024-09,LATAM,Aviation Headsets,11599,12601,final
FC-11961883,2024/08,NA,Aviation Headsets,7738,8206,v2
FC-46445506,2024-09,LATAM,Portable PA,15311,16436,final
FC-14871997,2025-09,LATAM,Home Theater,6225,6539,final
FC-54673225,2024-12,APAC,Speakers,14033,15664,final
FC-10030233,2024-07,APAC,Speakers,8890,9986,v3
FC-53744396,2025-02,APAC,Headphones,18152,18932,v3
FC-49823189,2024-05,LATAM,Headphones,15730,16999,final
FC-57948654,2024-07,APAC,Headphones,13977,14174,v3
FC-52731988,2024-09,EU,Speakers,10361,11183,
FC-57992864,2025-03,EU,Headphones,1990,2288,v1
FC-94280492,2024-03,APAC,Headphones,12459,13275,final
FC-70264785,2025-06,LATAM,Speakers,5333,5942,final
FC-68101720,2025-11,EU,Speakers,647,,final
FC-44036973,2024-04,APAC,Speakers,18009,20807,final
FC-43496796,2025-05,NA,Portable PA,12543,12298,v1
FC-50039438,2025-01,NA,Earbuds,7120,8221,v1
FC-70815969,2025-05,NA,Earbuds,9974,11370,v2
FC-27990806,2024-12,NA,Portable PA,11158,8683,v1
FC-82058295,2025-10,NA,Headphones,15139,15350,
FC-54782042,2025-03,NA,Earbuds,17881,17787,v1
FC-22142919,2024-06,EU,Headphones,11809,12834,v1
FC-67728578,2025-11,NA,Headphones,13292,,v2
FC-64452720,2025-05,NA,Speakers,5327,4867,v1
FC-21609527,2025-04,LATAM,Speakers,11396,9645,
FC-11731821,2024-03,EU,Speakers,8901,9591,final
FC-84076446,2025-09,APAC,Aviation Headsets,10169,9087,final
FC-84259720,2024-11,EU,Aviation Headsets,17891,19565,final
FC-93780495,2025-08,APAC,Speakers,9607,10722,final
FC-57218121,2025-09,LATAM,Home Theater,9804,11713,v3
FC-86295786,2024-12,APAC,Home Theater,11825,13588,v3
FC-34690732,2024-11,EU,Aviation Headsets,10910,12468,v1
FC-25154786,2025-05,LATAM,Headphones,16858,18962,v3
FC-16686601,2024-02,EU,Earbuds,10916,9210,final
FC-45839357,2025-01,APAC,Speakers,11005,11629,v3
FC-63216171,2025-08,LATAM,Home Theater,6239,5057,v3
FC-90151320,2025-02,LATAM,Earbuds,14045,14397,v1
FC-79629658,2024-10,EU,Earbuds,12055,10517,final
FC-10262340,2025-08,EU,Speakers,7904,8215,v1
FC-79815973,2024-05,LATAM,Earbuds,9926,8763,v2
FC-52328700,2025-12,NA,Headphones,15559,,v1
FC-68833635,2024-10,LATAM,Portable PA,9605,9583,final
FC-47481492,2025-02,EU,Home Theater,11568,14166,
FC-37302819,2025-03,NA,Earbuds,12953,14605,final
FC-99936547,2024-07,APAC,Speakers,13888,12994,v2
FC-72096774,2025-04,EU,Aviation Headsets,12355,10544,v2
FC-23526344,2024-11,NA,Earbuds,7160,5935,final
FC-96214943,2024-09,APAC,Aviation Headsets,12734,14748,v2
FC-46316843,2024-07,NA,Speakers,4758,5269,v3
FC-49697510,2024/06,EU,Speakers,9027,9152,v1
FC-87397443,2024-09,APAC,Headphones,21684,24421,v2
FC-62990595,2025-05,LATAM,Home Theater,15991,19297,v3
FC-62983111,2025-04,NA,Aviation Headsets,13061,12441,v3
FC-82492750,2024-08,LATAM,Speakers,9843,9109,final
FC-73911141,2024-08,EU,Portable PA,13245,13687,v3
FC-94880914,2025-09,NA,Portable PA,13064,16065,v1
FC-66357888,2024-11,APAC,Home Theater,16674,20319,v3
FC-63532258,2025-04,NA,Aviation Headsets,12343,10402,v1
FC-48608666,2025-09,APAC,Aviation Headsets,9955,8455,v2
FC-36143145,2024-12,EU,Aviation Headsets,5770,6581,v2
FC-88161032,2025-03,APAC,Aviation Headsets,16585,15619,v1
FC-48843259,2024-11,EU,Aviation Headsets,13370,11762,final
FC-51239921,2024-05,NA,Home Theater,13216,11384,v2
FC-58633412,2025-08,LATAM,Earbuds,9550,8473,final
FC-62128278,2024-07,NA,Home Theater,16888,19093,final
FC-96480687,2025-08,EU,Home Theater,19036,18206,v3
FC-53745988,2024-03,NA,Headphones,15316,15419,final
FC-53619745,2025-04,APAC,Headphones,14908,14107,v3
FC-84611559,2025-04,LATAM,Aviation Headsets,6373,7127,final
FC-90229614,2024/04,NA,Earbuds,16216,18096,final
FC-81777987,2025-05,NA,Home Theater,11787,11486,v3
FC-49322197,2024-11,APAC,Portable PA,13328,13593,v3
FC-79004642,2024-02,EU,Aviation Headsets,13617,14647,v2
FC-12361349,2025-08,APAC,Headphones,8263,7358,v3
FC-46502930,2024-07,EU,Portable PA,6488,7557,v1
FC-27967086,2025/01,EU,Headphones,5220,4594,v2
FC-85126078,2024-04,NA,Speakers,10123,9742,v1
FC-41025954,2025-12,LATAM,Earbuds,7649,,final
FC-90556182,2024-07,LATAM,Earbuds,10383,9046,v3
FC-40816936,2025-03,LATAM,Home Theater,2789,2821,v2
FC-98384999,2024-11,APAC,Home Theater,12008,9816,v3
FC-75341749,2025/10,LATAM,Home Theater,14020,14368,v2
FC-60192042,2025-04,APAC,Aviation Headsets,6089,6667,v2
FC-26283261,2024-01,APAC,Aviation Headsets,8353,9034,final
FC-98868674,2024-07,LATAM,Headphones,13054,10753,final
FC-46748862,2024-07,EU,Home Theater,19165,16539,
FC-58330397,2024-03,EU,Portable PA,15133,12858,v3
FC-45103007,2024-03,NA,Portable PA,6243,6116,v1
FC-77498846,2024-09,LATAM,Earbuds,15543,14807,v1
FC-32712057,2024-05,NA,Aviation Headsets,16472,16670,final
FC-87495793,2025-01,NA,Portable PA,15049,13270,v1
FC-88624077,2024-07,NA,Earbuds,7734,7415,v2
FC-88732042,2024-07,NA,Headphones,12706,11626,final
FC-64545607,2025-02,NA,Aviation Headsets,12433,10867,v2
FC-52028043,2024-06,APAC,Headphones,13539,13540,v2
FC-76862072,2025-10,NA,Portable PA,6659,7546,final
FC-71803533,2024-10,LATAM,Portable PA,14103,14255,final
FC-64696504,2024-05,LATAM,Earbuds,14560,16203,final
FC-31381282,2024-05,NA,Home Theater,13536,15249,v1
FC-50161980,2024-08,EU,Aviation Headsets,18518,21516,v1
FC-62833956,2025-06,LATAM,Aviation Headsets,7065,8289,final
FC-25151509,2025-06,LATAM,Aviation Headsets,9901,10716,
FC-39164053,2024-08,APAC,Earbuds,10234,9930,v2
FC-80486577,2025-10,EU,Headphones,9372,8806,v2
FC-45595954,2025-12,EU,Speakers,9116,,final
FC-65691782,2024-09,EU,Earbuds,11763,12131,v3
FC-37902678,2024/07,APAC,Speakers,13921,11941,final
FC-48285081,2025-11,EU,Portable PA,8242,,v2
FC-84145091,2025-02,APAC,Portable PA,10549,10977,v2
FC-10482267,2024-07,NA,Earbuds,14612,16959,final
FC-26431124,2024-07,LATAM,Earbuds,17282,20067,v1
FC-53688913,2024-12,NA,Portable PA,18051,15528,v2
FC-86775255,2024-01,EU,Headphones,16218,15089,v2
FC-63082152,2024-06,APAC,Speakers,9534,8120,v3
FC-72882738,2024-10,APAC,Aviation Headsets,9209,9506,v2
FC-31794258,2024-02,NA,Aviation Headsets,12860,14928,final
FC-79382722,2024-02,EU,Home Theater,9983,11519,v2
FC-39732766,2025-11,APAC,Portable PA,13362,14329,v1
FC-45606437,2024-09,EU,Earbuds,11879,12385,v3
FC-84258062,2024-02,LATAM,Speakers,14582,12848,final
FC-84534517,2024-05,APAC,Earbuds,8384,8262,
FC-38789905,2025-05,NA,Home Theater,11861,12484,v3
FC-31586380,2024-03,EU,Earbuds,14136,12709,final
FC-55229656,2025-07,NA,Headphones,14079,12673,final
FC-84607321,2025-10,LATAM,Earbuds,11249,10404,v3
FC-94617901,2024-11,LATAM,Aviation Headsets,18476,20601,v2
FC-85521843,2024-04,NA,Headphones,12351,14410,final
FC-40541037,2025/12,LATAM,Earbuds,10324,8491,v3
FC-53845474,2024-12,NA,Earbuds,14205,12414,v1
FC-80714611,2024-04,LATAM,Speakers,12537,10419,v2
FC-54766180,2024-09,LATAM,Home Theater,9174,8482,final
FC-77156010,2024-06,LATAM,Headphones,9442,9930,v1
FC-31503382,2025-05,APAC,Home Theater,15881,17331,v2
FC-66587914,2024-12,EU,Speakers,8285,9136,v2
FC-13568402,2024-10,NA,Portable PA,6687,5218,v1
FC-80110440,2024-06,NA,Aviation Headsets,8431,7715,v2
FC-81039876,2024-04,NA,Home Theater,12668,14238,v2
FC-50925702,2025-02,APAC,Portable PA,10909,9990,final
FC-95538203,2024-12,NA,Earbuds,13243,14619,v1
FC-74678606,2024-11,NA,Speakers,12535,11771,v2
FC-74595486,2024-03,NA,Earbuds,11345,13364,v1
FC-77681382,2024-04,EU,Portable PA,16267,17251,
FC-44541329,2025-11,LATAM,Headphones,10759,,
FC-25252148,2024-01,EU,Earbuds,11348,10640,v2
FC-52937577,2024-01,LATAM,Earbuds,11658,11061,v1
FC-67272161,2025-09,LATAM,Portable PA,9796,10920,final
FC-36068926,2025-05,APAC,Speakers,18452,21293,v2
FC-48214865,2024-05,LATAM,Portable PA,14540,14446,v2
FC-98962169,2024-04,EU,Earbuds,9192,8469,final
FC-61355528,2024-12,EU,Aviation Headsets,14814,16111,v2
FC-27219115,2024-10,APAC,Headphones,11297,10742,v2
FC-13207922,2024-05,NA,Earbuds,11625,11302,v3
FC-81514954,2024-04,LATAM,Headphones,12731,11565,
FC-49454027,2024/02,APAC,Portable PA,10367,11786,v2
FC-43836751,2025-04,APAC,Portable PA,19348,23054,v2
FC-76925780,2025-10,EU,Home Theater,15261,15826,v2
FC-65583451,2025-06,APAC,Portable PA,5955,7062,final
FC-13300875,2025-11,APAC,Headphones,4271,,v2
FC-99821297,2024-03,APAC,Aviation Headsets,12780,12356,final
FC-62256240,2025-05,EU,Speakers,9573,9234,final
FC-55079505,2025-12,APAC,Headphones,18430,20562,v1
FC-57504851,2025-05,EU,Earbuds,18641,18155,v2
FC-95704736,2025-10,LATAM,Speakers,17892,19133,v1
FC-81211827,2024-02,LATAM,Portable PA,8984,9093,final
FC-69589707,2024-10,APAC,Portable PA,13475,14176,v2
FC-28506109,2025-02,APAC,Aviation Headsets,17531,18574,final
FC-99409708,2025-04,APAC,Aviation Headsets,8231,7253,v3
FC-37346986,2025-02,NA,Earbuds,7363,8280,
FC-60913847,2024-11,LATAM,Headphones,13551,13718,final
FC-19368913,2025-12,NA,Speakers,2166,,v1
FC-61200737,2025-07,NA,Speakers,9346,8620,v2
FC-41656377,2024-02,NA,Headphones,11917,12697,final
FC-40452002,2025-01,LATAM,Speakers,16020,13948,v2
FC-53557083,2024-10,EU,Aviation Headsets,15324,16760,final
FC-73792029,2025-04,APAC,Home Theater,8805,6760,final
FC-20216081,2025-02,EU,Headphones,12854,13033,v3
FC-74064923,2025-12,APAC,Speakers,12795,13761,v2
FC-48383128,2025-01,LATAM,Aviation Headsets,8070,7386,v1
FC-82964722,2024-09,APAC,Earbuds,12785,12779,v1
FC-11871141,2024-07,EU,Speakers,6734,7849,final
FC-24771466,2025-12,NA,Headphones,4250,4790,v3
FC-48629286,2025-08,LATAM,Earbuds,7925,7683,v1
FC-48355997,2025-01,EU,Earbuds,20957,18679,v2
FC-32656094,2025-08,EU,Portable PA,12555,15093,v1
FC-44840955,2025-06,NA,Aviation Headsets,10999,11826,v1
FC-27559396,2024-02,APAC,Earbuds,6265,5454,v1
FC-46326356,2025-03,EU,Home Theater,7032,5931,final
FC-52692310,2024-08,LATAM,Earbuds,21157,22632,v2
FC-38044892,2025-02,LATAM,Portable PA,8643,7757,final
FC-42163499,2025-05,LATAM,Headphones,13320,15185,final
FC-43136005,2025-08,EU,Aviation Headsets,13307,11052,v1
FC-11792122,2025-05,APAC,Speakers,15971,14501,v2
FC-25587924,2024-04,LATAM,Aviation Headsets,7420,6490,v1
FC-94267444,2024-01,EU,Speakers,11573,13399,v2
FC-83003092,2024-02,APAC,Portable PA,16948,13042,final
FC-75320206,2025-08,EU,Speakers,7875,9065,v2
FC-10927835,2025-08,NA,Speakers,8324,8656,v2
FC-72550799,2025-10,APAC,Home Theater,5914,7350,final
FC-98098987,2024/10,LATAM,Earbuds,8048,7270,final
FC-10400576,2024-05,APAC,Portable PA,9274,6998,v2
FC-68702983,2024-06,EU,Speakers,14859,15421,v1
FC-53347635,2024-12,EU,Speakers,17618,17735,v3
FC-71283525,2025-01,APAC,Home Theater,7265,7671,v3
FC-26393063,2024-03,NA,Earbuds,18319,17398,v2
FC-53417181,2025-08,APAC,Earbuds,15683,13840,v2
FC-22331517,2024-10,NA,Portable PA,12596,14739,v1
FC-96938308,2024-10,LATAM,Home Theater,12256,10086,
FC-56298520,2024-04,EU,Speakers,7700,6416,final
FC-97200491,2025-03,EU,Headphones,6762,7022,final
FC-79171739,2025-01,APAC,Aviation Headsets,10957,11782,v1
FC-16848332,2025-01,APAC,Headphones,5303,5333,final
FC-53868902,2025-12,LATAM,Earbuds,7692,6565,v2
FC-89388174,2025-06,NA,Home Theater,9818,8156,v2
FC-62209199,2024/11,APAC,Headphones,13811,15130,v2
FC-68254391,2025-04,EU,Aviation Headsets,23885,26229,final
FC-36084668,2024-03,NA,Home Theater,11707,14627,final
FC-69188116,2025-04,NA,Speakers,10344,8656,v3
FC-81178751,2025-08,LATAM,Portable PA,2248,2783,final
FC-62781247,2024-11,EU,Home Theater,10412,8545,final
FC-89173375,2024-03,APAC,Earbuds,14231,13247,final
FC-51477802,2024-01,EU,Headphones,11620,13203,final
FC-62238220,2025-09,LATAM,Portable PA,10971,11880,v2
FC-32734700,2025-07,LATAM,Speakers,11057,12062,v2
FC-33766966,2025-05,EU,Headphones,11086,11106,v3
FC-64410037,2025-12,LATAM,Earbuds,17897,,final
FC-14299350,2025-02,LATAM,Earbuds,8016,6895,v3
FC-89240981,2025-05,LATAM,Portable PA,14627,15104,v2
FC-17044637,2025-01,LATAM,Earbuds,12246,10994,v2
FC-82593208,2024-03,APAC,Portable PA,16432,19323,v3
FC-84777045,2025-12,NA,Speakers,12319,10120,v3
FC-97278034,2024-03,LATAM,Speakers,9559,10186,v3
FC-52538825,2025/10,EU,Aviation Headsets,6417,5892,v3
FC-83645249,2024-02,LATAM,Earbuds,15752,14379,final
FC-58424776,2025-10,NA,Speakers,13917,15562,final
FC-33573575,2024-08,NA,Earbuds,9592,10974,final
FC-94893079,2024-06,EU,Speakers,12191,10675,final
FC-63109391,2024-06,EU,Aviation Headsets,10280,12021,v3
FC-94867258,2024-10,EU,Earbuds,9607,9197,v1
FC-11982173,2025-05,NA,Portable PA,4591,4951,v1
FC-53795046,2024/12,NA,Speakers,9024,10461,final
FC-48051562,2025-12,EU,Aviation Headsets,8322,,final
FC-10243312,2025-03,NA,Earbuds,17885,16296,v1
FC-40739328,2025-05,LATAM,Speakers,14114,12707,v3
FC-41378059,2025-01,EU,Speakers,15759,15799,v2
FC-40655962,2024-03,EU,Aviation Headsets,15555,16119,v2
FC-93939575,2025-01,EU,Home Theater,16992,13643,
FC-84896571,2025-10,LATAM,Headphones,10044,9309,v3
FC-33721993,2025-02,NA,Earbuds,14764,15148,v1
FC-24769095,2025-10,LATAM,Headphones,649,583,v1
FC-79214264,2025-02,NA,Aviation Headsets,9598,10660,final
FC-21190057,2025-02,NA,Earbuds,16866,16042,v3
FC-98897107,2024-09,NA,Home Theater,1658,1529,v1
FC-35248961,2025-08,APAC,Speakers,12258,11794,final
FC-34057511,2025/08,NA,Aviation Headsets,19658,21546,final
FC-34128407,2025-09,NA,Earbuds,13046,15050,final
FC-90695952,2024-03,LATAM,Earbuds,13349,11427,v2
FC-42265724,2024-06,APAC,Home Theater,8467,9069,v3
FC-96484899,2024-06,APAC,Headphones,6305,5605,v3
FC-42284720,2024-09,APAC,Headphones,8494,7865,v2
FC-91844420,2025-06,LATAM,Headphones,9471,10939,v3
FC-35105835,2025-05,LATAM,Portable PA,15760,11920,v2
FC-39058483,2025/09,EU,Headphones,16063,17619,v2
FC-93352809,2024/08,EU,Speakers,12746,13712,v1
FC-46097475,2024-09,APAC,Headphones,5281,4367,final
FC-44411596,2024-08,APAC,Aviation Headsets,8557,9996,
FC-33724365,2025-01,NA,Speakers,24867,26114,final
FC-51465427,2024-10,APAC,Portable PA,9745,9238,v3
FC-94442129,2025-07,LATAM,Speakers,12550,12259,v1
FC-62627251,2024/06,EU,Headphones,8945,8853,v3
FC-92615696,2025-07,APAC,Aviation Headsets,10222,10954,final
FC-32250251,2024-07,APAC,Speakers,9778,10475,v3
FC-43660276,2025/02,EU,Aviation Headsets,8303,9587,v1
FC-75606847,2025-11,LATAM,Home Theater,13304,,final
FC-61932338,2025-06,APAC,Aviation Headsets,11673,11656,v3
FC-25767558,2024-10,EU,Earbuds,13514,13967,final
FC-68541688,2024-07,APAC,Aviation Headsets,18133,15127,final
FC-39802429,2025-10,EU,Earbuds,9705,11153,v2
FC-69340213,2024-06,EU,Speakers,13594,14188,v2
FC-21539146,2024-02,LATAM,Home Theater,8352,8994,final
FC-74190120,2025-04,APAC,Portable PA,7120,5706,final
FC-49658459,2025-03,APAC,Portable PA,7648,7413,v2
FC-60603308,2025-02,NA,Headphones,12095,12459,v2
FC-40196404,2025-11,NA,Aviation Headsets,12717,10878,final
FC-45663434,2024-01,NA,Home Theater,9905,10875,final
FC-91001787,2025-10,NA,Headphones,10584,11365,v3
FC-97478217,2025-08,APAC,Headphones,12102,12058,v3
FC-16408071,2024-05,LATAM,Home Theater,14095,16020,final
FC-33741096,2024-11,NA,Portable PA,12644,11737,v1
FC-90781994,2025-07,LATAM,Headphones,6994,6206,v1
FC-60938620,2025-02,APAC,Earbuds,17138,18970,v1
FC-21720381,2025-03,APAC,Portable PA,11057,10349,final
FC-27483634,2025-04,APAC,Portable PA,10978,13615,v3
FC-46917545,2024-03,EU,Headphones,16001,13187,v3
FC-44544940,2024-06,LATAM,Home Theater,18920,14288,v3
FC-11702297,2025-04,LATAM,Speakers,6331,6825,v2
FC-35998550,2024-06,NA,Home Theater,14470,17650,v2
FC-92349790,2025-04,APAC,Portable PA,9748,11899,v1
FC-56512343,2025/03,LATAM,Speakers,17279,19519,final
FC-70102658,2024-12,EU,Earbuds,15861,17766,v1
FC-39481268,2025-04,NA,Aviation Headsets,11445,10945,v2
FC-86711162,2025-05,APAC,Aviation Headsets,12919,11877,final
FC-42374868,2024-04,LATAM,Earbuds,8852,7801,final
FC-60155680,2025-12,APAC,Headphones,12014,,v1
FC-55592913,2024-10,LATAM,Portable PA,6282,7127,v1
FC-33039915,2025-08,LATAM,Home Theater,14888,12881,final
FC-59303223,2024-07,EU,Earbuds,10094,11488,final
FC-75691133,2025-09,APAC,Speakers,10573,9498,v3
FC-69390144,2024-03,APAC,Aviation Headsets,12800,13158,final
FC-40705913,2024-06,EU,Home Theater,5982,5287,v1
FC-96073215,2024-02,EU,Earbuds,12217,12356,final
FC-76770638,2025-06,EU,Headphones,17712,19467,v1
FC-17888949,2024-02,EU,Home Theater,11577,12546,
FC-81385368,2025-01,LATAM,Speakers,14505,12975,v1
FC-61738168,2024-07,EU,Headphones,8028,7615,v3
FC-17538135,2024-06,LATAM,Aviation Headsets,7437,6213,v2
