ticket_id,order_id,customer_id,created_ts,closed_ts,issue_type,resolution_days,contact_channel,customer_rating
TCK-1000737,ORD-8541114,CUST-970813,11/23/2025 21:06,2025-11-25 21:06:32,Battery,2.0,chat,5.0
TCK-4103839,ORD-3995528,CUST-177680,2024-01-23 16:53:34,2024-01-25 16:53:34,Connectivity,2.0,email,4.0
TCK-7378108,ORD-6408249,CUST-252640,2025-07-03 07:20:45,2025-07-08 07:20:45,Sound Distortion,5.0,email,5.0
TCK-5389397,ORD-7179149,CUST-540552,2024-07-12 20:12:15,2024-07-15 20:12:15,Battery,3.0,phone,3.0
TCK-7896663,ORD-8933459,CUST-332311,2024-06-16 23:44:03,06/19/2024 23:44,Connectivity,3.0,chat,3.0
TCK-8377270,ORD-7990142,CUST-691119,2025-11-14 12:13:27,2025-11-17 12:13:27,Software,3.0,chat,4.0
TCK-6626185,ORD-7824021,CUST-179013,2025-04-07 08:45:25,2025-04-09 08:45:25,Battery,2.0,chat,4.0
TCK-3466706,ORD-3672896,CUST-874661,2025-03-11 10:28:00,2025-03-16 10:28:00,Connectivity,5.0,phone,3.0
TCK-5009764,ORD-9367309,CUST-989894,2024-04-01 08:52:52,2024-04-06 08:52:52,Battery,5.0,phone,3.0
TCK-4671508,ORD-4545324,CUST-793024,2024-08-16 06:27:21,2024-08-16 06:27:21,Software,0.0,email,5.0
TCK-7419665,ORD-8695203,,2024-06-04 06:36:02,2024-06-08 06:36:02,Software,,email,3.0
TCK-3222894,ORD-2187855,CUST-162823,2024-10-03 14:14:29,2024-10-08 14:14:29,Physical Damage,5.0,chat,
TCK-6246919,ORD-6880325,CUST-606983,2024-12-17 12:10:02,2024-12-24 12:10:02,Connectivity,7.0,phone,3.0
TCK-1822119,ORD-2884384,CUST-627335,2024-08-13 06:22:09,2024-08-19 06:22:09,,6.0,email,4.0
TCK-8506819,ORD-7544268,CUST-289179,2024-01-21 06:17:20,2024-01-23 06:17:20,Connectivity,2.0,chat,4.0
TCK-7277948,ORD-8490423,CUST-172965,2024-03-08 20:59:24,,Sound Distortion,5.0,email,4.0
TCK-4138098,ORD-6932352,CUST-344762,2024-02-07 00:02:01,,,3.0,chat,4.0
TCK-8662191,ORD-3555472,CUST-144357,10/13/2025 07:10,10/17/2025 07:10,Battery,4.0,email,4.0
TCK-4939812,ORD-3763839,CUST-704238,2025-03-19 14:10:26,2025-03-24 14:10:26,Connectivity,5.0,chat,4.0
TCK-8214656,ORD-2241228,CUST-751517,2025-02-03 21:02:53,2025-02-08 21:02:53,Sound Distortion,5.0,phone,4.0
TCK-3707515,ORD-7667000,CUST-387892,2025-08-26 06:33:00,2025-08-27 06:33:00,Connectivity,1.0,email,3.0
TCK-1018373,ORD-2920219,CUST-537983,2025-03-26 13:38:10,,Physical Damage,2.0,email,5.0
TCK-4978395,ORD-5870424,CUST-462147,2024-01-25 16:29:10,2024-01-30 16:29:10,Battery,5.0,chat,3.0
TCK-9842830,ORD-7007704,CUST-926403,2024-07-26 12:23:07,2024-07-29 12:23:07,Battery,3.0,chat,4.0
TCK-1716533,ORD-8737945,CUST-456871,01/15/2025 21:55,2025-01-19 21:55:40,Connectivity,4.0,phone,3.0
TCK-8731067,ORD-8194307,CUST-684929,2025-07-21 01:00:45,2025-07-25 01:00:45,Physical Damage,4.0,chat,3.0
TCK-8342171,ORD-1889023,CUST-778324,2024-08-06 01:47:28,2024-08-10 01:47:28,,4.0,email,
TCK-8546838,ORD-3604219,CUST-290802,2024-04-28 15:13:37,2024-05-05 15:13:37,Physical Damage,7.0,chat,2.0
TCK-5883529,ORD-1757070,CUST-765620,2025-10-05 07:44:07,2025-10-08 07:44:07,Software,3.0,phone,4.0
TCK-8659318,ORD-7921243,,2024-05-24 23:09:30,2024-05-29 23:09:30,Connectivity,5.0,email,3.0
TCK-7607391,ORD-5291719,CUST-353690,05/17/2024 07:49,2024-05-22 07:49:51,Battery,5.0,email,4.0
TCK-8255564,ORD-8266540,CUST-389930,2024-12-14 14:16:55,2024-12-17 14:16:55,Software,3.0,phone,3.0
TCK-1395125,ORD-1341740,CUST-490084,2024-02-08 18:38:52,2024-02-09 18:38:52,Connectivity,1.0,chat,5.0
TCK-2768824,ORD-3343567,CUST-791998,2025-09-26 08:39:24,2025-10-02 08:39:24,Battery,6.0,phone,3.0
TCK-4723006,ORD-4067752,CUST-936587,09/08/2024 08:10,2024-09-14 08:10:09,Connectivity,6.0,chat,3.0
TCK-9212656,ORD-8134489,CUST-106402,2025-05-20 06:04:34,2025-05-21 06:04:34,Software,1.0,email,4.0
TCK-9522729,ORD-8935817,CUST-448671,2024-06-27 01:55:27,2024-07-03 01:55:27,Battery,6.0,email,
TCK-3773842,ORD-6932352,CUST-344762,2025-04-13 11:53:18,2025-04-16 11:53:18,Battery,3.0,phone,
TCK-5664389,ORD-5992421,CUST-114338,2025-01-16 00:39:00,2025-01-19 00:39:00,Software,3.0,email,4.0
TCK-5210840,ORD-1630579,CUST-662761,2024-01-29 09:27:51,2024-02-04 09:27:51,Software,6.0,phone,3.0
TCK-9111211,ORD-7418370,CUST-796643,2025-11-18 04:29:33,2025-11-23 04:29:33,Connectivity,5.0,phone,4.0
TCK-9430192,ORD-4037211,CUST-281043,2024-09-12 16:33:35,2024-09-16 16:33:35,Connectivity,4.0,email,4.0
TCK-8175689,ORD-5982453,CUST-956375,2025-10-09 21:17:08,2025-10-14 21:17:08,Battery,5.0,email,
TCK-5988778,ORD-5355215,CUST-596249,2024-05-11 17:11:02,,Software,3.0,chat,4.0
TCK-9983496,ORD-9148561,CUST-483545,2025-02-04 06:30:59,2025-02-07 06:30:59,Physical Damage,3.0,email,3.0
TCK-9100300,ORD-5873904,CUST-238205,2024-01-13 01:31:06,2024-01-14 01:31:06,Connectivity,1.0,chat,4.0
TCK-7620406,ORD-8265637,CUST-633853,2024-02-20 09:31:14,2024-02-24 09:31:14,Software,4.0,chat,5.0
TCK-8170229,ORD-2009121,CUST-587853,2024-09-02 06:13:13,2024-09-06 06:13:13,Software,4.0,phone,4.0
TCK-9671985,ORD-8353174,CUST-244247,2024-11-16 00:11:33,2024-11-19 00:11:33,Connectivity,3.0,email,4.0
TCK-4208870,ORD-7198121,CUST-359778,2025-07-05 20:30:10,2025-07-09 20:30:10,Software,4.0,chat,3.0
TCK-7345645,ORD-7133384,CUST-677596,2024-04-03 22:06:30,2024-04-06 22:06:30,Connectivity,3.0,chat,4.0
TCK-7262920,ORD-5060678,CUST-575575,2025-03-07 02:08:56,2025-03-09 02:08:56,Connectivity,2.0,email,4.0
TCK-4631120,ORD-3759260,CUST-460455,2024-07-09 16:00:52,2024-07-11 16:00:52,Software,2.0,email,
TCK-1280754,ORD-3903154,CUST-644559,2024-09-17 12:58:48,2024-09-21 12:58:48,Battery,4.0,email,4.0
TCK-9259809,ORD-2720045,CUST-593152,2025-06-25 05:15:50,2025-06-29 05:15:50,Battery,4.0,email,3.0
TCK-6187738,ORD-7835678,CUST-701800,2025-03-14 09:23:50,2025-03-19 09:23:50,Physical Damage,5.0,email,4.0
TCK-2962610,ORD-6756647,CUST-575528,2025-08-18 07:51:23,2025-08-24 07:51:23,Sound Distortion,6.0,email,4.0
TCK-7902612,ORD-2273432,CUST-579318,2024-01-31 07:14:53,2024-02-04 07:14:53,Software,4.0,chat,4.0
TCK-3061359,ORD-5221723,CUST-618934,2025-01-26 17:36:51,2025-01-27 17:36:51,Connectivity,1.0,email,3.0
TCK-3198378,ORD-3896573,CUST-525942,2025-05-24 20:38:43,2025-05-28 20:38:43,,4.0,email,4.0
TCK-1249766,ORD-9367309,CUST-989894,2025-05-27 21:27:15,2025-05-31 21:27:15,Connectivity,4.0,chat,4.0
TCK-7959996,ORD-6872176,CUST-406327,2025-07-10 07:14:11,2025-07-13 07:14:11,Battery,3.0,chat,
TCK-2776949,ORD-9349349,,2025-05-31 20:35:42,2025-06-04 20:35:42,Connectivity,4.0,phone,4.0
TCK-5756708,ORD-5934298,CUST-611650,2024-01-07 14:31:35,2024-01-08 14:31:35,Battery,1.0,email,5.0
TCK-7133704,ORD-7011498,CUST-691807,2024-12-10 23:57:32,2024-12-16 23:57:32,Software,6.0,email,
TCK-3948792,ORD-6285825,CUST-276827,2024-04-02 11:00:25,,Software,5.0,chat,4.0
TCK-5981476,ORD-9964259,CUST-624783,2024-03-02 17:14:13,2024-03-05 17:14:13,Sound Distortion,3.0,phone,
TCK-5128298,ORD-7321835,CUST-882354,2025-06-03 06:27:09,2025-06-08 06:27:09,Connectivity,5.0,email,
TCK-8273265,ORD-2977625,CUST-220768,2025-03-23 16:29:20,2025-03-26 16:29:20,,3.0,email,4.0
TCK-5133350,ORD-3788378,CUST-484774,2025-01-05 12:00:49,2025-01-05 12:00:49,Battery,0.0,chat,4.0
TCK-3594508,ORD-2894400,CUST-688215,2025-11-27 07:45:08,2025-11-27 07:45:08,Sound Distortion,0.0,chat,4.0
TCK-2179672,ORD-8940687,CUST-691912,2024-12-01 04:31:23,2024-12-04 04:31:23,Battery,3.0,chat,3.0
TCK-8583302,ORD-2355235,CUST-527398,2025-06-25 01:28:40,2025-06-29 01:28:40,Software,4.0,chat,5.0
TCK-4972073,ORD-9757101,CUST-386488,2024-02-27 09:47:23,2024-02-29 09:47:23,Software,2.0,email,4.0
TCK-6121934,ORD-9121846,CUST-778324,2025-01-27 07:50:31,2025-02-01 07:50:31,Battery,5.0,phone,3.0
TCK-9421782,ORD-1998499,CUST-915451,2024-10-03 03:17:17,10/05/2024 03:17,Connectivity,2.0,chat,4.0
TCK-9506432,ORD-6133511,CUST-528361,2024-03-05 09:06:38,2024-03-11 09:06:38,Physical Damage,6.0,chat,2.0
TCK-4226735,ORD-8172221,CUST-739427,2025-12-03 07:51:06,2025-12-05 07:51:06,Connectivity,2.0,phone,5.0
TCK-9468207,ORD-1753292,CUST-962276,2025-11-24 06:43:12,2025-11-26 06:43:12,Software,2.0,chat,4.0
TCK-1060656,ORD-5962271,CUST-481995,2024-12-03 05:59:27,2024-12-10 05:59:27,Battery,7.0,chat,4.0
TCK-9230372,ORD-7014509,CUST-660069,2024-05-22 13:42:33,2024-05-27 13:42:33,Battery,5.0,phone,4.0
TCK-9245013,ORD-2915517,CUST-621841,2025-09-26 06:56:40,2025-09-29 06:56:40,Connectivity,3.0,chat,
TCK-7117059,ORD-2645288,CUST-401603,2024-12-06 13:26:46,2024-12-08 13:26:46,Battery,2.0,phone,5.0
TCK-9712290,ORD-3238645,CUST-817497,2025-05-22 14:48:26,2025-05-25 14:48:26,Battery,3.0,email,3.0
TCK-6269443,ORD-2868169,CUST-153642,2025-05-28 07:29:10,2025-06-01 07:29:10,Physical Damage,4.0,chat,
TCK-2352708,ORD-9677047,CUST-930281,2024-07-09 08:49:29,2024-07-14 08:49:29,Software,5.0,phone,3.0
TCK-4491864,ORD-7258785,CUST-870319,2024-02-29 06:33:36,2024-02-29 06:33:36,Physical Damage,0.0,phone,3.0
TCK-3448023,ORD-1015589,CUST-151426,2024-11-09 13:06:17,2024-11-13 13:06:17,Software,4.0,chat,
TCK-8488783,ORD-7742719,CUST-632929,2025-11-22 07:19:10,2025-11-25 07:19:10,Sound Distortion,3.0,chat,3.0
TCK-3609645,ORD-7951428,CUST-168517,2024-01-14 21:21:17,2024-01-19 21:21:17,Connectivity,5.0,email,3.0
TCK-5912601,ORD-8111076,CUST-766549,2025-07-03 17:26:05,2025-07-06 17:26:05,Sound Distortion,3.0,email,3.0
TCK-1085935,ORD-8911345,CUST-900152,2024-03-23 09:48:46,2024-03-28 09:48:46,Connectivity,5.0,chat,2.0
TCK-7020504,ORD-1491019,CUST-520040,2025-07-22 21:55:35,2025-07-24 21:55:35,Software,2.0,email,5.0
TCK-1346172,ORD-4508437,,2024-09-26 15:37:00,2024-09-28 15:37:00,Software,2.0,chat,4.0
TCK-6788813,ORD-7805735,CUST-196126,2024-10-04 19:56:53,2024-10-13 19:56:53,Software,9.0,email,2.0
TCK-8041798,ORD-5342695,CUST-790203,2025-10-02 11:22:44,2025-10-10 11:22:44,Software,8.0,chat,3.0
TCK-1599008,ORD-5897411,CUST-900185,2024-10-12 20:24:00,2024-10-14 20:24:00,Connectivity,2.0,chat,3.0
TCK-3828087,ORD-7703853,CUST-684384,2024-07-23 20:40:26,2024-07-25 20:40:26,Software,2.0,chat,4.0
TCK-4989927,ORD-2507692,CUST-138399,2024-05-20 10:21:55,2024-05-24 10:21:55,Battery,4.0,chat,
TCK-8158469,ORD-1706452,CUST-979995,2024-02-20 07:39:38,2024-02-25 07:39:38,Connectivity,5.0,chat,3.0
TCK-6408374,ORD-7920057,CUST-425138,2025-12-22 14:32:26,2025-12-24 14:32:26,Battery,2.0,chat,
TCK-1033111,ORD-7935000,CUST-377319,2025-02-26 21:01:26,2025-03-04 21:01:26,Connectivity,6.0,phone,4.0
TCK-4402706,ORD-6464510,CUST-621546,2025-08-28 03:33:09,2025-08-29 03:33:09,Battery,1.0,phone,4.0
TCK-7855588,ORD-7335700,CUST-606404,2025-04-13 05:47:56,2025-04-18 05:47:56,Software,5.0,chat,3.0
TCK-7998199,ORD-1115056,CUST-452713,2024-02-22 16:11:58,2024-02-23 16:11:58,Connectivity,1.0,chat,4.0
TCK-8493650,ORD-3932308,CUST-738577,2025-08-26 13:09:47,2025-09-03 13:09:47,Sound Distortion,8.0,email,2.0
TCK-2794807,ORD-1920534,CUST-338536,2024-12-23 22:15:05,2024-12-28 22:15:05,Physical Damage,5.0,chat,3.0
TCK-6113420,ORD-3964905,CUST-356773,2025-01-09 03:48:24,2025-01-13 03:48:24,Physical Damage,4.0,chat,4.0
TCK-4619865,ORD-2907100,CUST-347459,2025-11-14 00:27:38,2025-11-18 00:27:38,Battery,4.0,chat,
TCK-8155701,ORD-3510854,CUST-178711,2025-03-09 23:50:33,,Connectivity,3.0,phone,4.0
TCK-4998441,ORD-8448204,CUST-929924,2024-07-22 05:47:13,2024-07-23 05:47:13,Connectivity,1.0,chat,5.0
TCK-7514907,ORD-7702310,CUST-479781,2024-12-03 23:26:16,2024-12-06 23:26:16,Physical Damage,3.0,email,4.0
TCK-2355239,ORD-8121170,CUST-444061,2024-11-01 03:48:14,,Sound Distortion,3.0,chat,5.0
TCK-1455594,ORD-7459020,CUST-731894,2025-10-19 21:06:20,2025-10-24 21:06:20,Battery,5.0,phone,4.0
TCK-8242321,ORD-4419672,CUST-632929,2024-01-28 05:01:50,2024-02-04 05:01:50,Sound Distortion,7.0,chat,3.0
TCK-7523073,ORD-8421769,CUST-339592,2024-01-25 14:59:58,2024-01-29 14:59:58,Battery,4.0,phone,4.0
TCK-6481555,ORD-1913559,,2025-03-22 13:13:14,,Battery,5.0,email,3.0
TCK-3744140,ORD-8922201,CUST-230192,2024-07-10 13:02:07,2024-07-12 13:02:07,Software,2.0,chat,5.0
TCK-6207771,ORD-9271481,CUST-953797,2024-02-12 09:23:34,2024-02-17 09:23:34,Battery,5.0,email,3.0
TCK-4172555,ORD-6923335,CUST-925981,2024-01-03 16:17:35,2024-01-10 16:17:35,Connectivity,7.0,chat,
TCK-1466799,ORD-6111289,CUST-714953,2024-09-18 19:32:14,09/22/2024 19:32,Software,4.0,chat,4.0
TCK-5218627,ORD-9751149,CUST-246566,2025-09-02 23:25:09,2025-09-08 23:25:09,Connectivity,6.0,phone,4.0
TCK-1649594,ORD-7683054,CUST-823688,2025-05-09 14:41:39,2025-05-11 14:41:39,Physical Damage,2.0,email,4.0
TCK-8645187,ORD-1783827,CUST-474314,2025-06-13 22:22:12,2025-06-16 22:22:12,Physical Damage,3.0,phone,4.0
TCK-4592229,ORD-1602380,CUST-912270,2024-11-18 03:19:30,11/21/2024 03:19,Battery,3.0,email,4.0
TCK-6537753,ORD-8265610,CUST-964998,2024-06-11 08:40:57,2024-06-13 08:40:57,Connectivity,2.0,chat,
TCK-8665968,ORD-3659381,CUST-832168,2024-10-31 12:00:40,2024-11-08 12:00:40,Physical Damage,8.0,chat,2.0
TCK-9176565,ORD-2686125,CUST-704238,2025-12-30 06:08:20,2026-01-05 06:08:20,Battery,6.0,email,3.0
TCK-3987820,ORD-8345831,CUST-494976,2024-07-26 14:58:19,2024-07-30 14:58:19,Battery,4.0,chat,4.0
TCK-7993861,ORD-3849556,CUST-300845,2024-11-23 02:33:54,2024-11-26 02:33:54,,3.0,email,4.0
TCK-9992392,ORD-8835172,CUST-710169,2025-09-16 00:57:53,,Connectivity,4.0,chat,3.0
TCK-7242085,ORD-6199912,CUST-712451,2024-05-10 08:15:28,2024-05-14 08:15:28,,,email,4.0
TCK-2787652,ORD-6970814,CUST-853448,2025-07-06 00:07:26,2025-07-13 00:07:26,Physical Damage,7.0,phone,3.0
TCK-7443333,ORD-2552435,CUST-137642,05/08/2025 23:36,2025-05-12 23:36:24,Connectivity,4.0,chat,3.0
TCK-6355476,ORD-9192571,,2024-11-06 16:47:05,2024-11-10 16:47:05,Physical Damage,4.0,chat,3.0
TCK-7596346,ORD-4116701,CUST-555052,2025-04-22 04:29:07,2025-04-25 04:29:07,Physical Damage,3.0,email,5.0
TCK-1045736,ORD-7705103,CUST-449555,2024-08-22 17:56:45,2024-08-26 17:56:45,,4.0,chat,4.0
TCK-9301741,ORD-2760859,CUST-410636,2025-10-05 14:33:41,2025-10-07 14:33:41,Software,2.0,phone,5.0
TCK-7437443,ORD-4038350,CUST-696251,2025-10-29 17:14:44,2025-11-03 17:14:44,Physical Damage,5.0,chat,3.0
TCK-2808831,ORD-7650863,CUST-127032,2024-12-03 19:57:53,2024-12-11 19:57:53,Software,8.0,email,2.0
TCK-7921605,ORD-6273046,CUST-409445,2024-03-15 17:20:37,2024-03-16 17:20:37,Connectivity,1.0,phone,4.0
TCK-2407845,ORD-8420789,CUST-430926,2025-07-10 16:09:04,2025-07-12 16:09:04,Sound Distortion,2.0,chat,4.0
TCK-3518124,ORD-1925433,CUST-688956,2025-09-03 07:16:52,2025-09-07 07:16:52,Software,4.0,phone,4.0
TCK-1599946,ORD-7966113,CUST-900961,2024-02-15 05:14:53,,Sound Distortion,3.0,email,4.0
TCK-5086848,ORD-3810562,CUST-584106,08/18/2025 01:40,2025-08-22 01:40:38,Battery,4.0,phone,4.0
TCK-9845090,ORD-3454914,CUST-584417,2024-07-09 21:18:24,2024-07-10 21:18:24,,1.0,chat,
TCK-9061642,ORD-1630452,CUST-235215,2025-09-18 19:28:45,,Battery,2.0,phone,4.0
TCK-3410427,ORD-6092171,CUST-122394,2024-12-25 21:18:24,2024-12-26 21:18:24,Software,1.0,chat,5.0
TCK-8128071,ORD-6170271,CUST-681070,2024-09-28 01:46:30,2024-10-03 01:46:30,Connectivity,5.0,phone,4.0
TCK-8200660,ORD-5570471,CUST-919264,2024-05-09 06:13:34,2024-05-12 06:13:34,Software,,phone,3.0
TCK-4637811,ORD-9236555,CUST-766269,2025-11-09 22:25:30,2025-11-11 22:25:30,Battery,2.0,email,5.0
TCK-6375633,ORD-7405563,CUST-307963,2025-10-11 05:37:00,2025-10-14 05:37:00,Physical Damage,3.0,chat,3.0
TCK-6470030,ORD-5534634,CUST-626690,2025-11-01 15:25:51,2025-11-06 15:25:51,Connectivity,5.0,chat,3.0
TCK-6199502,ORD-3025601,CUST-799233,2024-06-12 17:56:10,2024-06-13 17:56:10,Connectivity,1.0,chat,4.0
TCK-8807808,ORD-5363437,CUST-513160,2024-08-15 20:15:55,2024-08-21 20:15:55,Battery,6.0,chat,2.0
TCK-4783308,ORD-5733048,CUST-195674,2024-11-11 20:34:30,2024-11-14 20:34:30,Connectivity,3.0,chat,3.0
TCK-5068551,ORD-5647245,CUST-925981,2025-07-07 17:27:45,2025-07-09 17:27:45,Sound Distortion,2.0,phone,4.0
TCK-8754606,ORD-8961512,CUST-499749,2025-02-07 07:43:19,2025-02-11 07:43:19,Sound Distortion,4.0,chat,4.0
TCK-9547693,ORD-4794373,CUST-653408,2025-10-21 11:10:04,2025-10-26 11:10:04,Software,5.0,chat,3.0
TCK-9061921,ORD-8847335,CUST-416061,2025-03-12 09:55:05,2025-03-18 09:55:05,Battery,6.0,phone,5.0
TCK-7658662,ORD-3633956,CUST-170394,2024-10-21 12:07:07,2024-10-24 12:07:07,Connectivity,3.0,email,3.0
TCK-7579028,ORD-5650984,CUST-579187,2024-11-08 01:44:10,2024-11-08 01:44:10,Physical Damage,0.0,chat,4.0
TCK-4280564,ORD-8223566,CUST-510997,2024-01-14 16:47:41,2024-01-16 16:47:41,Battery,2.0,email,4.0
TCK-7333072,ORD-9313139,,2025-04-20 02:29:36,2025-04-26 02:29:36,Connectivity,6.0,phone,2.0
TCK-5123113,ORD-8259281,CUST-218959,11/06/2025 12:16,2025-11-09 12:16:44,Connectivity,,chat,3.0
TCK-8342156,ORD-4435692,CUST-659951,2024-06-29 22:07:16,2024-07-07 22:07:16,Software,8.0,email,2.0
TCK-1899621,ORD-5304970,CUST-848206,2024-06-30 02:08:51,2024-07-02 02:08:51,Sound Distortion,2.0,chat,4.0
TCK-3291528,ORD-7128255,CUST-197966,2024-05-13 17:28:27,2024-05-15 17:28:27,,2.0,email,5.0
TCK-5138616,ORD-2694365,CUST-674993,2024-07-11 22:56:07,2024-07-12 22:56:07,Software,1.0,phone,4.0
TCK-9606724,ORD-9883722,CUST-564920,2025-02-13 01:24:01,2025-02-19 01:24:01,Software,6.0,chat,2.0
TCK-1582310,ORD-8994569,CUST-918164,2025-12-10 05:22:10,2025-12-15 05:22:10,Software,5.0,phone,
TCK-5017700,ORD-4519016,CUST-236306,2024-07-11 23:31:16,2024-07-14 23:31:16,Connectivity,3.0,email,3.0
TCK-9886908,ORD-5331000,CUST-357420,2024-09-22 20:15:06,2024-09-24 20:15:06,Connectivity,2.0,chat,3.0
TCK-5807404,ORD-6588358,CUST-119927,2025-10-11 05:29:33,2025-10-16 05:29:33,Sound Distortion,5.0,phone,
TCK-5783833,ORD-6064163,CUST-724932,2025-03-12 12:11:47,2025-03-16 12:11:47,Software,4.0,email,4.0
TCK-4015674,ORD-4060212,CUST-922471,2025-08-06 09:12:36,2025-08-12 09:12:36,Software,6.0,chat,3.0
TCK-2591316,ORD-8272310,CUST-720556,05/07/2025 22:41,2025-05-08 22:41:07,Sound Distortion,1.0,phone,4.0
TCK-7625642,ORD-3148131,CUST-830316,2025-02-18 13:47:21,2025-02-23 13:47:21,Software,5.0,email,3.0
TCK-4964213,ORD-1720817,CUST-425346,2024-02-25 03:17:53,2024-03-01 03:17:53,Software,5.0,chat,3.0
TCK-3266595,ORD-5735763,CUST-943298,2025-11-20 17:49:15,2025-11-23 17:49:15,Software,3.0,email,4.0
TCK-2868045,ORD-8938826,CUST-718439,2024-08-01 14:55:21,08/01/2024 14:55,Connectivity,0.0,email,4.0
TCK-7567752,ORD-2187855,CUST-162823,2024-10-12 10:58:25,,Battery,4.0,chat,4.0
TCK-5527220,ORD-3089204,CUST-183958,2025-09-23 15:43:09,2025-09-24 15:43:09,Connectivity,1.0,chat,3.0
TCK-7708935,ORD-6916990,,2024-10-16 21:23:17,10/19/2024 21:23,Sound Distortion,3.0,email,4.0
TCK-5207521,ORD-9473543,CUST-237118,2024-05-13 19:19:49,2024-05-20 19:19:49,Software,7.0,chat,2.0
TCK-8026245,ORD-1404304,CUST-134225,2024-08-31 19:42:42,2024-09-03 19:42:42,Battery,3.0,phone,5.0
TCK-1294871,ORD-6343418,CUST-602248,2025-05-11 10:24:33,2025-05-17 10:24:33,Software,6.0,phone,2.0
TCK-2441734,ORD-6805743,CUST-833247,2025-03-28 18:27:28,2025-04-02 18:27:28,Physical Damage,5.0,email,
TCK-7059250,ORD-1057449,CUST-501451,2024-07-29 05:28:35,2024-08-03 05:28:35,Connectivity,5.0,phone,3.0
TCK-4554803,ORD-5023781,CUST-651613,2024-07-23 07:12:54,2024-07-24 07:12:54,Software,1.0,chat,4.0
TCK-2143437,ORD-8032369,CUST-900177,2025-03-31 00:32:33,2025-04-02 00:32:33,Sound Distortion,2.0,chat,4.0
TCK-9104964,ORD-8583306,CUST-994217,2025-11-06 23:32:55,2025-11-09 23:32:55,Battery,3.0,email,4.0
TCK-9768378,ORD-3362639,CUST-126925,2024-06-07 21:06:17,2024-06-09 21:06:17,Sound Distortion,2.0,phone,
TCK-2142222,ORD-8965799,,2025-09-10 18:43:46,2025-09-10 18:43:46,Battery,0.0,email,5.0
TCK-8913347,ORD-6292963,CUST-550797,2025-04-28 13:12:17,05/02/2025 13:12,Battery,4.0,email,4.0
TCK-7621576,ORD-5943893,CUST-633469,2024-03-28 17:18:01,2024-03-29 17:18:01,Physical Damage,1.0,email,5.0
TCK-1730749,ORD-7519123,CUST-434617,2025-10-19 09:20:08,,Battery,3.0,chat,
TCK-6192767,ORD-6100681,,03/30/2025 13:00,2025-04-04 13:00:50,Software,5.0,chat,4.0
TCK-1502680,ORD-9614018,CUST-820184,2025-05-18 00:16:54,05/25/2025 00:16,,7.0,chat,3.0
TCK-3907231,ORD-9493397,CUST-853789,2024-05-21 22:06:26,2024-05-22 22:06:26,Connectivity,1.0,email,4.0
TCK-7436427,ORD-4280839,CUST-891638,01/05/2024 22:05,2024-01-10 22:05:56,Connectivity,5.0,email,3.0
TCK-9288223,ORD-6291762,CUST-624783,2025-06-28 02:32:39,2025-07-01 02:32:39,Connectivity,3.0,email,3.0
TCK-4169335,ORD-3533817,CUST-365971,2024-07-13 17:07:15,2024-07-15 17:07:15,Software,2.0,phone,4.0
TCK-5242290,ORD-9484120,CUST-265055,2024-07-09 03:42:12,2024-07-14 03:42:12,Connectivity,5.0,email,4.0
TCK-3367081,ORD-2148630,CUST-931016,2024-03-21 20:09:17,2024-03-29 20:09:17,Software,8.0,email,3.0
TCK-4516105,ORD-2929834,CUST-301939,11/11/2025 15:26,11/14/2025 15:26,Battery,3.0,chat,3.0
TCK-6842222,ORD-9569881,CUST-381433,2025-12-30 15:30:55,2026-01-02 15:30:55,,3.0,chat,3.0
TCK-2552521,ORD-6449276,CUST-180458,2024-09-20 12:21:59,2024-09-26 12:21:59,Connectivity,6.0,chat,4.0
TCK-7886192,ORD-1995959,CUST-883790,2024-08-14 06:34:49,08/18/2024 06:34,Connectivity,4.0,email,4.0
TCK-6547880,ORD-3021231,CUST-940010,2025-12-21 12:21:21,2025-12-25 12:21:21,Connectivity,4.0,chat,
TCK-1495563,ORD-7922486,CUST-485191,2024-01-31 19:20:46,2024-02-01 19:20:46,Connectivity,1.0,email,4.0
TCK-3277086,ORD-2368663,CUST-355400,2024-10-25 11:00:53,10/29/2024 11:00,Sound Distortion,4.0,chat,
TCK-9271011,ORD-7489620,CUST-711484,2025-11-23 04:27:43,2025-11-27 04:27:43,Physical Damage,4.0,email,4.0
TCK-1036427,ORD-9512726,CUST-177449,2025-11-20 18:32:39,,Software,4.0,email,3.0
TCK-2537153,ORD-7745396,CUST-564920,2024-01-25 18:21:35,2024-01-25 18:21:35,Software,0.0,email,4.0
TCK-6047138,ORD-7550534,CUST-632351,2024-12-03 11:31:48,2024-12-07 11:31:48,Software,4.0,chat,4.0
TCK-1778553,ORD-6886120,CUST-930541,2024-05-15 21:11:18,2024-05-20 21:11:18,Connectivity,5.0,phone,4.0
TCK-7804260,ORD-9620556,CUST-365971,2025-09-11 07:44:56,2025-09-14 07:44:56,Connectivity,3.0,chat,3.0
TCK-8481050,ORD-7708543,CUST-676818,2025-11-05 06:02:21,2025-11-11 06:02:21,Software,6.0,phone,3.0
TCK-4832922,ORD-3073484,CUST-690180,2024-03-31 07:01:08,2024-04-06 07:01:08,Physical Damage,6.0,chat,4.0
TCK-4929503,ORD-1573318,CUST-902325,2024-12-27 17:17:01,2024-12-30 17:17:01,Connectivity,3.0,chat,3.0
TCK-4152051,ORD-3895256,CUST-425138,2025-09-12 09:25:06,2025-09-13 09:25:06,,1.0,phone,4.0
TCK-4768379,ORD-3613052,CUST-345180,2025-09-07 19:53:03,2025-09-10 19:53:03,Software,3.0,chat,
TCK-8858876,ORD-5456053,CUST-961322,2025-06-16 16:37:13,06/25/2025 16:37,Software,9.0,email,2.0
TCK-9439707,ORD-4999221,CUST-778324,2025-10-25 00:59:41,2025-10-29 00:59:41,,4.0,email,3.0
TCK-6453011,ORD-7846698,,07/09/2025 14:58,2025-07-13 14:58:44,Physical Damage,4.0,chat,3.0
TCK-6798968,ORD-4518907,CUST-425486,2024-06-13 12:55:51,2024-06-18 12:55:51,Connectivity,5.0,chat,4.0
TCK-3758726,ORD-3100380,CUST-579187,2025-10-23 04:13:03,2025-10-28 04:13:03,Battery,5.0,phone,3.0
TCK-2338154,ORD-9794267,CUST-192055,2025-01-18 04:24:29,2025-01-24 04:24:29,Sound Distortion,6.0,chat,3.0
TCK-5433572,ORD-7156048,CUST-962050,2025-07-22 14:09:40,2025-07-23 14:09:40,Connectivity,1.0,email,4.0
TCK-3754728,ORD-5392976,CUST-226516,2025-10-12 00:42:36,2025-10-16 00:42:36,Software,4.0,chat,
TCK-1562865,ORD-2899375,CUST-184714,2024-06-15 17:19:19,2024-06-16 17:19:19,Connectivity,1.0,chat,5.0
TCK-3478007,ORD-8565378,CUST-162894,2024-05-30 18:41:08,2024-06-03 18:41:08,Battery,4.0,chat,3.0
TCK-1933977,ORD-8172221,CUST-739427,2025-09-23 16:12:14,2025-09-26 16:12:14,Software,3.0,chat,4.0
TCK-3956710,ORD-8185524,CUST-127032,2025-09-23 03:37:56,2025-09-24 03:37:56,Software,1.0,chat,5.0
TCK-4606885,ORD-1939996,CUST-121369,2025-06-12 11:08:32,2025-06-13 11:08:32,Sound Distortion,1.0,chat,4.0
TCK-3344293,ORD-2783119,CUST-102973,2024-11-02 05:53:50,2024-11-03 05:53:50,Physical Damage,1.0,email,4.0
TCK-4501725,ORD-3154593,CUST-943019,2024-05-09 17:04:03,2024-05-16 17:04:03,Software,7.0,phone,2.0
TCK-5700734,ORD-8991386,CUST-498676,2025-10-05 15:11:42,2025-10-08 15:11:42,Physical Damage,3.0,email,3.0
TCK-6253104,ORD-6312624,CUST-882354,2024-05-19 23:06:31,,Connectivity,7.0,phone,3.0
TCK-1054808,ORD-8587898,CUST-929151,2025-01-27 16:10:07,2025-02-01 16:10:07,Connectivity,5.0,chat,4.0
TCK-4158908,ORD-8404763,CUST-490963,2025-08-02 12:32:33,2025-08-05 12:32:33,Connectivity,3.0,phone,4.0
TCK-3080410,ORD-5322933,CUST-832168,2025-10-20 19:09:50,2025-10-26 19:09:50,Software,6.0,email,3.0
TCK-3465970,ORD-4638366,CUST-347745,2025-07-07 14:18:52,2025-07-08 14:18:52,Connectivity,1.0,chat,4.0
TCK-4948480,ORD-8335516,CUST-883826,2025-07-18 14:59:20,,Connectivity,4.0,chat,3.0
TCK-1273563,ORD-6167743,CUST-483629,08/08/2024 12:13,2024-08-09 12:13:33,Physical Damage,1.0,email,5.0
TCK-5167486,ORD-1765808,,2024-02-12 23:12:56,2024-02-15 23:12:56,Battery,3.0,chat,5.0
TCK-4590354,ORD-5452511,CUST-367729,2025-01-08 13:21:24,2025-01-10 13:21:24,Physical Damage,2.0,phone,4.0
TCK-9428426,ORD-4094079,CUST-238205,2024-01-08 04:46:12,2024-01-12 04:46:12,Software,4.0,chat,4.0
TCK-8781190,ORD-4788637,CUST-205409,2024-02-11 13:44:58,2024-02-15 13:44:58,Connectivity,4.0,phone,3.0
TCK-6622625,ORD-8251992,CUST-883826,2024-05-06 23:56:35,2024-05-16 23:56:35,Connectivity,10.0,chat,3.0
TCK-8236832,ORD-7500790,CUST-414527,2025-12-30 18:06:04,2026-01-04 18:06:04,Battery,5.0,chat,3.0
TCK-4220955,ORD-9772893,CUST-299055,2025-05-19 08:26:02,05/22/2025 08:26,Battery,3.0,chat,4.0
TCK-9576777,ORD-2994604,CUST-393328,2025-03-02 21:58:27,2025-03-07 21:58:27,Connectivity,5.0,phone,4.0
TCK-8615287,ORD-6041278,CUST-240440,2025-09-02 05:52:06,09/05/2025 05:52,Software,3.0,email,
TCK-9901071,ORD-2560714,CUST-611650,2024-04-09 21:44:15,2024-04-12 21:44:15,Software,3.0,chat,3.0
TCK-4979531,ORD-7531255,CUST-607774,07/09/2024 12:24,2024-07-16 12:24:23,Battery,7.0,chat,3.0
TCK-3731603,ORD-1005392,CUST-854540,2024-11-24 13:48:02,2024-11-26 13:48:02,Sound Distortion,2.0,phone,4.0
TCK-8025206,ORD-8740856,CUST-883790,2024-03-26 00:39:51,2024-03-31 00:39:51,Software,5.0,chat,3.0
TCK-5613187,ORD-6678434,CUST-703727,10/07/2024 16:24,2024-10-12 16:24:19,Connectivity,5.0,email,3.0
TCK-4051436,ORD-4997077,CUST-499407,2024-02-10 20:58:42,2024-02-12 20:58:42,Battery,2.0,chat,3.0
TCK-2674414,ORD-1084484,CUST-485709,2025-01-13 23:54:43,2025-01-18 23:54:43,Sound Distortion,5.0,email,3.0
TCK-4430134,ORD-2373990,CUST-220768,2024-09-14 14:18:03,2024-09-16 14:18:03,Software,2.0,chat,
TCK-2551317,ORD-2754684,CUST-101206,2024-09-25 07:13:18,2024-09-28 07:13:18,Connectivity,3.0,chat,4.0
TCK-9117994,ORD-9220955,CUST-170966,2025-12-12 05:07:28,,Sound Distortion,4.0,chat,4.0
TCK-8800306,ORD-9709954,CUST-435239,2024-07-13 06:51:58,,Physical Damage,0.0,phone,5.0
TCK-9227993,ORD-9305606,CUST-466566,2024-08-16 03:01:19,2024-08-17 03:01:19,Sound Distortion,1.0,email,
TCK-1725542,ORD-8124932,CUST-592972,2025-10-11 06:40:42,2025-10-17 06:40:42,Connectivity,6.0,chat,4.0
TCK-7688251,ORD-4209638,CUST-485896,2025-08-01 00:06:40,2025-08-07 00:06:40,Software,6.0,chat,
TCK-2450702,ORD-4746570,CUST-559023,2025-12-16 07:41:27,2025-12-16 07:41:27,Software,,phone,4.0
TCK-8134748,ORD-4130204,CUST-953025,08/23/2024 10:13,2024-08-26 10:13:19,Battery,3.0,phone,4.0
TCK-3847053,ORD-4632982,CUST-462351,2024-03-04 16:01:18,2024-03-09 16:01:18,Sound Distortion,5.0,chat,4.0
TCK-6361140,ORD-2975292,CUST-748133,2025-11-19 17:25:10,2025-11-19 17:25:10,Software,0.0,chat,4.0
TCK-5805971,ORD-3541957,CUST-761532,2024-04-27 09:29:16,2024-05-01 09:29:16,,,chat,4.0
TCK-7925345,ORD-1716213,CUST-406039,2025-10-20 09:07:17,2025-10-25 09:07:17,Connectivity,,phone,
TCK-5717859,ORD-7145027,CUST-456005,2024-02-18 12:17:23,2024-02-24 12:17:23,Connectivity,6.0,phone,3.0
TCK-5267588,ORD-1384174,CUST-171942,2024-12-11 13:54:11,2024-12-13 13:54:11,Sound Distortion,2.0,phone,4.0
TCK-2932725,ORD-7426063,CUST-401601,2024-03-30 10:18:43,2024-04-01 10:18:43,,2.0,chat,3.0
TCK-8690148,ORD-7760232,,2025-10-11 17:11:59,2025-10-12 17:11:59,Connectivity,1.0,chat,4.0
TCK-8037443,ORD-9343046,CUST-420214,2025-03-15 00:04:37,2025-03-20 00:04:37,Battery,5.0,phone,3.0
TCK-6736806,ORD-5647245,CUST-925981,2025-06-26 03:31:52,2025-06-26 03:31:52,Connectivity,,chat,4.0
TCK-3207243,ORD-5693618,CUST-402218,2024-08-11 04:13:23,2024-08-17 04:13:23,Connectivity,6.0,email,3.0
TCK-9432899,ORD-7650252,CUST-155843,2025-01-16 03:15:42,01/21/2025 03:15,Physical Damage,,chat,3.0
TCK-1057245,ORD-2678176,CUST-561239,2024-04-20 11:11:08,2024-04-23 11:11:08,Software,3.0,chat,3.0
TCK-6090022,ORD-1060721,CUST-266071,2024-03-31 01:59:19,2024-04-03 01:59:19,Software,3.0,email,3.0
TCK-8860315,ORD-4427014,CUST-567574,2024-09-27 23:38:36,2024-10-03 23:38:36,Battery,6.0,phone,3.0
TCK-2226159,ORD-9918938,CUST-679077,2024-12-10 17:53:43,2024-12-18 17:53:43,Sound Distortion,8.0,phone,3.0
TCK-6255429,ORD-9369036,CUST-945362,2024-07-24 12:55:47,2024-07-26 12:55:47,Battery,2.0,chat,4.0
TCK-8124634,ORD-7910429,CUST-204053,2025-06-27 04:22:31,2025-07-06 04:22:31,Battery,9.0,phone,3.0
TCK-6866993,ORD-5432257,CUST-576805,2024-10-17 14:28:14,2024-10-22 14:28:14,Physical Damage,,chat,4.0
TCK-9312557,ORD-3672896,CUST-874661,08/20/2025 17:21,2025-08-24 17:21:41,Software,4.0,chat,4.0
TCK-4700612,ORD-9908911,CUST-646781,2024-11-14 16:18:42,2024-11-19 16:18:42,Connectivity,5.0,phone,3.0
TCK-1070765,ORD-4072141,CUST-495533,2024-10-19 12:04:38,2024-10-22 12:04:38,Connectivity,3.0,phone,3.0
TCK-9627376,ORD-8369602,CUST-513741,2025-12-01 23:30:20,2025-12-04 23:30:20,Connectivity,3.0,email,4.0
TCK-5301643,ORD-5532646,CUST-402620,2024-12-01 06:25:42,2024-12-05 06:25:42,Physical Damage,4.0,email,4.0
TCK-3015754,ORD-1871860,CUST-793655,2024-02-21 14:54:37,2024-02-24 14:54:37,Battery,3.0,chat,5.0
TCK-3650154,ORD-4434766,,12/30/2024 03:24,2025-01-07 03:24:02,Connectivity,8.0,chat,2.0
TCK-8256499,ORD-3920468,CUST-232040,2025-01-20 18:52:49,01/26/2025 18:52,Connectivity,6.0,phone,
TCK-5337384,ORD-5906672,CUST-856648,2024-11-25 21:26:35,2024-11-30 21:26:35,Sound Distortion,5.0,chat,
TCK-4831665,ORD-7824456,CUST-339592,2024-07-30 15:14:03,2024-07-31 15:14:03,Battery,1.0,phone,4.0
TCK-7906922,ORD-5555941,CUST-739098,2024-07-21 21:52:30,,Physical Damage,5.0,phone,3.0
TCK-3139980,ORD-9193220,CUST-729577,2025-09-22 20:17:45,2025-09-26 20:17:45,Software,4.0,email,4.0
TCK-2880989,ORD-1462172,CUST-219629,2025-08-15 09:20:36,2025-08-20 09:20:36,Physical Damage,5.0,chat,4.0
TCK-7916433,ORD-1602380,CUST-912270,2025-11-27 08:17:12,2025-12-02 08:17:12,Battery,5.0,phone,4.0
TCK-7616594,ORD-9588532,CUST-776796,2025-08-19 11:13:54,2025-08-20 11:13:54,Connectivity,1.0,email,5.0
TCK-5642906,ORD-3945901,CUST-783501,2024-10-28 22:36:02,2024-11-01 22:36:02,Battery,4.0,chat,
TCK-7889981,ORD-4460730,CUST-685864,2024-08-04 02:53:58,,Battery,3.0,email,4.0
TCK-2001154,ORD-6338069,CUST-841296,2024-10-23 11:50:03,2024-10-25 11:50:03,Battery,2.0,chat,4.0
TCK-7062946,ORD-5221723,CUST-618934,2024-03-21 09:23:25,2024-03-25 09:23:25,Physical Damage,4.0,phone,3.0
TCK-8155778,ORD-8986569,CUST-583550,2024-11-27 17:03:58,2024-12-01 17:03:58,Battery,4.0,chat,3.0
TCK-1032364,ORD-6913211,CUST-171942,2024-05-06 03:47:02,2024-05-08 03:47:02,Sound Distortion,2.0,email,3.0
TCK-1255819,ORD-8512636,CUST-199704,01/25/2024 14:04,2024-01-28 14:04:27,Battery,3.0,phone,3.0
TCK-5373918,ORD-4129808,CUST-184216,2025-04-18 13:24:06,2025-04-22 13:24:06,,4.0,email,4.0
TCK-3583524,ORD-1894034,CUST-921273,2025-08-14 07:50:52,2025-08-19 07:50:52,Battery,5.0,chat,4.0
TCK-7794497,ORD-8367382,CUST-569945,2025-02-14 05:47:50,2025-02-19 05:47:50,Battery,5.0,chat,3.0
TCK-9342097,ORD-6325141,CUST-130094,2024-03-17 11:13:30,2024-03-20 11:13:30,Connectivity,3.0,chat,5.0
TCK-3129965,ORD-4379683,CUST-438334,2025-06-01 20:47:25,2025-06-03 20:47:25,Software,2.0,email,
TCK-7599652,ORD-9711095,CUST-384076,2025-10-25 20:01:59,2025-11-01 20:01:59,Connectivity,7.0,chat,2.0
TCK-2361469,ORD-7312953,CUST-174637,2024-10-22 00:31:49,2024-10-22 00:31:49,Software,0.0,email,4.0
TCK-3761969,ORD-8289091,,2025-03-28 00:42:11,2025-04-02 00:42:11,Software,5.0,email,4.0
TCK-1733265,ORD-9302013,CUST-606983,2025-03-24 21:05:27,2025-03-25 21:05:27,Software,1.0,email,5.0
TCK-3340892,ORD-7026812,CUST-925206,2025-09-20 03:42:21,2025-09-25 03:42:21,Battery,5.0,chat,4.0
TCK-9884078,ORD-2641087,CUST-751051,2025-01-28 07:59:20,2025-01-28 07:59:20,Software,0.0,phone,5.0
TCK-5723979,ORD-4128825,CUST-906315,2025-02-28 12:43:15,,Sound Distortion,4.0,chat,4.0
TCK-6783381,ORD-1381696,CUST-684384,2025-01-19 10:48:09,2025-01-25 10:48:09,Physical Damage,6.0,phone,2.0
TCK-8821435,ORD-6447833,CUST-145934,2024-01-27 15:12:14,2024-02-02 15:12:14,Sound Distortion,6.0,chat,4.0
TCK-6042686,ORD-4611466,CUST-527398,2024-08-17 04:09:22,2024-08-18 04:09:22,,1.0,chat,4.0
TCK-2772321,ORD-8179813,CUST-572398,2024-08-28 23:31:48,2024-09-01 23:31:48,Connectivity,4.0,email,4.0
TCK-4227241,ORD-2768214,CUST-964278,2025-11-12 20:53:56,2025-11-16 20:53:56,Software,4.0,email,3.0
TCK-8189243,ORD-4212192,CUST-512344,2025-01-22 14:36:53,2025-01-26 14:36:53,Sound Distortion,4.0,email,5.0
TCK-2277437,ORD-6409564,CUST-501451,2025-03-11 18:12:59,2025-03-15 18:12:59,Physical Damage,4.0,chat,4.0
TCK-1949645,ORD-7614116,CUST-565230,2024-08-09 14:55:34,2024-08-11 14:55:34,Connectivity,2.0,email,5.0
TCK-7765019,ORD-8637494,CUST-387782,2024-05-06 15:46:04,2024-05-09 15:46:04,Sound Distortion,3.0,chat,3.0
TCK-7229943,ORD-5247355,CUST-731661,2024-04-02 22:39:28,2024-04-06 22:39:28,Physical Damage,4.0,chat,4.0
TCK-4242145,ORD-7018970,CUST-260295,2025-02-16 14:26:32,2025-02-19 14:26:32,Software,3.0,email,2.0
TCK-3380219,ORD-3978433,CUST-600935,2025-04-12 08:12:41,,Connectivity,1.0,phone,4.0
TCK-8149773,ORD-6375231,CUST-680358,2024-07-26 01:55:31,2024-07-29 01:55:31,Battery,3.0,email,4.0
TCK-4611909,ORD-7934150,CUST-904624,2024-11-01 19:58:25,2024-11-06 19:58:25,Connectivity,5.0,chat,3.0
TCK-1330441,ORD-9692785,CUST-238205,2024-09-05 07:12:36,09/08/2024 07:12,Physical Damage,3.0,chat,5.0
TCK-4444230,ORD-8687834,CUST-313446,2025-09-28 01:10:32,2025-10-03 01:10:32,Connectivity,5.0,chat,
TCK-5072836,ORD-9614018,CUST-820184,2025-06-09 13:23:21,2025-06-14 13:23:21,,5.0,email,3.0
TCK-9983040,ORD-2546792,CUST-713799,2025-05-20 05:01:08,2025-05-26 05:01:08,Software,6.0,chat,3.0
TCK-4205978,ORD-1959202,CUST-443341,2024-11-20 04:05:12,2024-11-25 04:05:12,Connectivity,5.0,email,4.0
TCK-2340207,ORD-2129961,CUST-147726,04/22/2025 21:02,2025-04-27 21:02:53,Software,5.0,email,3.0
TCK-7175932,ORD-1995959,,2025-10-20 11:45:47,2025-10-24 11:45:47,Software,4.0,email,4.0
TCK-5640759,ORD-2925837,CUST-800646,2025-05-11 05:11:47,05/18/2025 05:11,Software,7.0,phone,3.0
TCK-5568766,ORD-8321422,CUST-197573,2024-10-22 03:11:22,2024-10-28 03:11:22,Sound Distortion,6.0,chat,
TCK-2199055,ORD-4195693,CUST-224205,2024-09-04 19:55:06,2024-09-07 19:55:06,Connectivity,3.0,email,3.0
TCK-1317362,ORD-1596523,CUST-449709,2024-02-03 06:23:38,2024-02-08 06:23:38,Connectivity,5.0,chat,4.0
TCK-6710388,ORD-3543700,CUST-272655,2025-02-28 07:08:15,2025-03-02 07:08:15,Connectivity,2.0,chat,5.0
TCK-6563641,ORD-6014223,CUST-884897,2024-02-28 02:48:03,2024-03-02 02:48:03,Software,3.0,email,4.0
TCK-2250041,ORD-3260607,CUST-832409,2024-08-01 01:07:42,2024-08-04 01:07:42,Connectivity,3.0,chat,5.0
TCK-1023586,ORD-5559955,,2024-12-24 00:32:42,2024-12-30 00:32:42,Connectivity,6.0,email,4.0
TCK-6964668,ORD-7451488,CUST-144357,2024-08-15 20:44:05,,Battery,5.0,email,4.0
TCK-7091951,ORD-3030490,CUST-632280,2024-02-11 10:10:22,2024-02-15 10:10:22,Software,4.0,chat,3.0
TCK-6408158,ORD-3651665,CUST-992288,2024-07-20 21:19:17,2024-07-23 21:19:17,Battery,3.0,chat,4.0
TCK-8931968,ORD-7824645,CUST-332360,2024-06-11 15:06:39,2024-06-16 15:06:39,Sound Distortion,5.0,chat,3.0
TCK-5284654,ORD-8782623,CUST-740255,2025-10-06 01:50:27,2025-10-10 01:50:27,Software,4.0,chat,4.0
TCK-3353130,ORD-8166585,CUST-560485,2025-02-07 04:51:03,2025-02-10 04:51:03,Sound Distortion,3.0,email,3.0
TCK-6044302,ORD-5938895,CUST-170394,2024-06-15 23:18:15,2024-06-15 23:18:15,Software,0.0,email,3.0
TCK-1122699,ORD-4899122,CUST-494468,2024-11-24 05:35:05,2024-11-25 05:35:05,Battery,1.0,chat,
TCK-6800168,ORD-6907138,CUST-962050,2025-12-09 01:49:03,2025-12-10 01:49:03,Connectivity,1.0,phone,4.0
TCK-4273301,ORD-6449276,CUST-180458,2024-02-01 16:08:44,2024-02-07 16:08:44,Software,6.0,phone,2.0
TCK-7395859,ORD-5503871,CUST-513037,2025-11-02 17:20:16,2025-11-04 17:20:16,Connectivity,2.0,email,3.0
TCK-9309173,ORD-2650862,CUST-882544,2025-10-10 18:54:54,2025-10-12 18:54:54,Connectivity,2.0,chat,4.0
TCK-8680735,ORD-4037211,CUST-281043,2025-01-03 08:55:48,2025-01-06 08:55:48,Connectivity,3.0,email,
TCK-8695748,ORD-3546995,CUST-139581,2024-10-08 20:03:10,2024-10-12 20:03:10,Battery,4.0,phone,3.0
TCK-3791206,ORD-7626670,CUST-401022,2024-08-11 23:09:59,2024-08-12 23:09:59,Connectivity,1.0,chat,4.0
TCK-4288119,ORD-2019897,CUST-196214,08/02/2024 12:04,,Software,5.0,email,4.0
TCK-1094172,ORD-5780214,CUST-528129,2025-11-19 05:02:10,2025-11-23 05:02:10,Battery,,chat,4.0
TCK-4731317,ORD-8847335,CUST-416061,2024-10-30 07:56:39,2024-10-31 07:56:39,Software,1.0,email,3.0
TCK-2517142,ORD-1914579,CUST-247720,2025-04-05 16:01:51,2025-04-05 16:01:51,Connectivity,0.0,email,5.0
TCK-4474653,ORD-4645367,CUST-673149,2025-10-29 19:43:48,2025-10-30 19:43:48,Sound Distortion,1.0,phone,
TCK-1306991,ORD-6887260,CUST-243139,2025-07-25 16:47:58,2025-07-31 16:47:58,Software,6.0,chat,3.0
TCK-2580891,ORD-3195514,CUST-561999,2024-11-09 05:27:57,2024-11-18 05:27:57,Connectivity,9.0,chat,2.0
TCK-1810169,ORD-9145538,CUST-651499,2025-06-12 23:20:31,2025-06-15 23:20:31,,3.0,chat,4.0
TCK-4599392,ORD-5061177,CUST-362246,2025-10-07 14:22:29,,,3.0,phone,4.0
TCK-8478807,ORD-1443839,CUST-158104,2025-09-28 14:45:32,2025-09-29 14:45:32,Connectivity,1.0,chat,4.0
TCK-8845697,ORD-5759278,CUST-171942,2025-10-03 16:15:01,2025-10-07 16:15:01,Battery,4.0,email,3.0
TCK-2562712,ORD-1666310,CUST-740255,2025-08-23 19:06:33,2025-08-24 19:06:33,Connectivity,1.0,chat,5.0
TCK-9941176,ORD-3900167,,2025-12-09 05:56:53,2025-12-12 05:56:53,Battery,3.0,chat,4.0
TCK-8293309,ORD-6073565,CUST-575528,2025-01-03 12:46:34,2025-01-05 12:46:34,Battery,2.0,chat,4.0
TCK-1449380,ORD-9891324,CUST-267457,2025-02-05 15:45:10,,Software,7.0,chat,2.0
TCK-4711738,ORD-5215520,CUST-309398,2025-02-08 14:50:43,2025-02-10 14:50:43,Software,2.0,email,4.0
TCK-3801990,ORD-4288287,CUST-169113,2024-08-11 10:14:29,2024-08-17 10:14:29,Software,6.0,chat,3.0
TCK-3062135,ORD-6941461,CUST-152995,2024-06-12 03:11:38,2024-06-14 03:11:38,Connectivity,2.0,email,4.0
TCK-6475511,ORD-1787924,CUST-891083,2025-06-03 19:45:25,2025-06-10 19:45:25,Sound Distortion,7.0,phone,2.0
TCK-4739833,ORD-5723617,CUST-197573,2024-10-20 16:34:37,10/25/2024 16:34,Software,5.0,email,3.0
TCK-8276587,ORD-4786764,CUST-205239,2024-03-26 08:37:27,2024-03-27 08:37:27,,1.0,chat,4.0
TCK-6646682,ORD-7980358,CUST-966785,2025-03-27 19:26:15,2025-03-27 19:26:15,Sound Distortion,0.0,email,5.0
TCK-3020470,ORD-8262133,CUST-853448,2025-06-23 11:22:22,2025-06-27 11:22:22,Connectivity,4.0,email,3.0
TCK-3522333,ORD-3525756,CUST-142210,12/31/2024 20:55,2025-01-05 20:55:14,Battery,5.0,email,3.0
TCK-5481782,ORD-3245089,CUST-903013,2025-04-30 02:57:59,2025-05-02 02:57:59,Battery,2.0,phone,3.0
TCK-8271389,ORD-8580733,CUST-411882,2025-05-20 05:44:53,2025-05-27 05:44:53,Sound Distortion,7.0,phone,2.0
TCK-1686817,ORD-1345517,CUST-992931,12/26/2025 18:48,,Battery,0.0,email,4.0
TCK-5009010,ORD-1332297,CUST-614084,2025-06-13 07:00:14,2025-06-15 07:00:14,Connectivity,2.0,chat,4.0
TCK-4536182,ORD-1351788,,2024-03-06 13:51:32,2024-03-10 13:51:32,Physical Damage,4.0,email,3.0
TCK-2448922,ORD-6160506,CUST-746447,2024-03-11 17:20:14,2024-03-11 17:20:14,Connectivity,0.0,chat,4.0
TCK-3605501,ORD-3759260,CUST-460455,2025-07-26 18:55:40,2025-07-26 18:55:40,Connectivity,0.0,phone,5.0
TCK-9508043,ORD-8433834,CUST-468727,2025-02-18 03:30:45,2025-02-23 03:30:45,Physical Damage,5.0,email,3.0
TCK-5345523,ORD-6396187,CUST-874814,2024-03-13 19:11:15,2024-03-18 19:11:15,Connectivity,5.0,email,3.0
TCK-3277769,ORD-4519016,CUST-236306,2024-12-17 12:35:46,12/23/2024 12:35,Connectivity,6.0,chat,3.0
TCK-4294853,ORD-1683501,CUST-904711,2025-10-10 17:49:12,2025-10-13 17:49:12,Connectivity,3.0,email,4.0
TCK-5414777,ORD-1258566,CUST-819112,2025-06-13 00:53:10,06/18/2025 00:53,Physical Damage,5.0,chat,3.0
TCK-5704736,ORD-4441613,CUST-788637,2024-02-27 00:45:30,2024-03-02 00:45:30,Physical Damage,4.0,chat,4.0
TCK-3645875,ORD-9452136,CUST-163156,2025-11-12 00:17:52,2025-11-16 00:17:52,Software,4.0,email,4.0
TCK-1880744,ORD-9800797,CUST-414527,2025-04-01 14:03:33,2025-04-06 14:03:33,Connectivity,5.0,email,3.0
TCK-9554371,ORD-7152881,CUST-928358,12/09/2024 15:58,12/15/2024 15:58,Sound Distortion,6.0,chat,2.0
TCK-3414882,ORD-4779780,CUST-218972,2025-08-25 08:12:31,09/01/2025 08:12,Sound Distortion,7.0,email,2.0
TCK-5496283,ORD-9484120,CUST-265055,2025-09-22 23:18:04,2025-09-25 23:18:04,Physical Damage,3.0,chat,
TCK-4488153,ORD-5011925,CUST-856157,2025-09-03 17:19:37,2025-09-03 17:19:37,Connectivity,0.0,chat,4.0
TCK-1769667,ORD-8082538,CUST-326441,2025-01-06 10:48:58,2025-01-10 10:48:58,Physical Damage,4.0,email,4.0
TCK-1495271,ORD-2594978,CUST-402630,2025-06-22 15:12:05,2025-06-28 15:12:05,Sound Distortion,6.0,email,3.0
TCK-9546401,ORD-1004447,CUST-834233,2024-01-03 04:40:19,2024-01-08 04:40:19,Software,5.0,email,3.0
TCK-1928192,ORD-4790631,CUST-130271,2025-07-21 04:41:48,2025-07-26 04:41:48,Connectivity,5.0,phone,3.0
TCK-8670872,ORD-2300616,CUST-201377,2025-12-05 19:01:32,2025-12-11 19:01:32,Software,6.0,chat,
TCK-5962236,ORD-7335080,CUST-556839,2025-11-10 23:13:37,,Battery,4.0,chat,3.0
TCK-3826808,ORD-1245381,CUST-416797,2024-09-17 14:49:09,2024-09-21 14:49:09,Physical Damage,4.0,chat,4.0
TCK-7060769,ORD-4791410,CUST-368402,2024-04-01 23:12:06,2024-04-03 23:12:06,Battery,2.0,chat,4.0
TCK-9152016,ORD-9309109,CUST-579911,2025-05-30 10:44:54,2025-05-30 10:44:54,Connectivity,0.0,phone,3.0
